-- phpMyAdmin SQL Dump
-- version 4.6.6deb4
-- https://www.phpmyadmin.net/
--
-- Servidor: localhost:3306
-- Tiempo de generación: 23-09-2017 a las 00:51:49
-- Versión del servidor: 5.7.19-0ubuntu0.17.04.1
-- Versión de PHP: 7.0.22-0ubuntu0.17.04.1

SET SQL_MODE = "NO_AUTO_VALUE_ON_ZERO";
SET time_zone = "+00:00";


/*!40101 SET @OLD_CHARACTER_SET_CLIENT=@@CHARACTER_SET_CLIENT */;
/*!40101 SET @OLD_CHARACTER_SET_RESULTS=@@CHARACTER_SET_RESULTS */;
/*!40101 SET @OLD_COLLATION_CONNECTION=@@COLLATION_CONNECTION */;
/*!40101 SET NAMES utf8mb4 */;

--
-- Base de datos: `appImport`
--

-- --------------------------------------------------------

--
-- Estructura de tabla para la tabla `ci_sessions`
--

CREATE TABLE `ci_sessions` (
  `id` varchar(128) NOT NULL,
  `ip_address` varchar(45) NOT NULL,
  `timestamp` int(10) UNSIGNED NOT NULL DEFAULT '0',
  `data` blob NOT NULL
) ENGINE=InnoDB DEFAULT CHARSET=latin1;

--
-- Volcado de datos para la tabla `ci_sessions`
--

INSERT INTO `ci_sessions` (`id`, `ip_address`, `timestamp`, `data`) VALUES
('jsvic38dic07d1bn2j11ue0ms7l02sut', '::1', 1505053381, 0x5f5f63695f6c6173745f726567656e65726174657c693a313530353035333338313b),
('2n6doahccl2qk6elhgv0g1h6ghvvuhe9', '::1', 1505053406, 0x5f5f63695f6c6173745f726567656e65726174657c693a313530353035333430363b),
('vq0nkso8ilt6jtdhmrbj1aa77q6vlj9f', '::1', 1505053407, 0x5f5f63695f6c6173745f726567656e65726174657c693a313530353035333430373b),
('9rs220pm2nl7tplt8t5behvfa5is5sq9', '::1', 1505053407, 0x5f5f63695f6c6173745f726567656e65726174657c693a313530353035333430373b),
('emhip7nukbb1a1kqjsl5mjt7vr4il2et', '::1', 1505053407, 0x5f5f63695f6c6173745f726567656e65726174657c693a313530353035333430373b),
('ub2blu3buglrnaeigfqutgte6ruhhfj1', '::1', 1505053407, 0x5f5f63695f6c6173745f726567656e65726174657c693a313530353035333430373b),
('62crim4l8ebhate1iv2gaalbmg2s6ngm', '::1', 1505053407, 0x5f5f63695f6c6173745f726567656e65726174657c693a313530353035333430373b),
('a3bermr13qan31letso93copdtg2sfvd', '::1', 1505053412, 0x5f5f63695f6c6173745f726567656e65726174657c693a313530353035333431323b),
('ss958ghs3gf6cu1qdnv71pqqme3n9bhn', '::1', 1505053417, 0x5f5f63695f6c6173745f726567656e65726174657c693a313530353035333431373b),
('h1vic300tclipeivskhugbucslvfhh7v', '::1', 1505053421, 0x5f5f63695f6c6173745f726567656e65726174657c693a313530353035333432313b),
('trq2pdekeglvm1hkq584rlrue6a663o0', '::1', 1505053432, 0x5f5f63695f6c6173745f726567656e65726174657c693a313530353035333433323b),
('9p4ht2mrs0hc32g2hh4leemb55uiv30p', '::1', 1505053442, 0x5f5f63695f6c6173745f726567656e65726174657c693a313530353035333434323b),
('bmghnml4s0v13bovn9uhdbmcc82lf0km', '::1', 1505053444, 0x5f5f63695f6c6173745f726567656e65726174657c693a313530353035333434343b),
('3o6q3ld0qqsb85dpfqs0qepl2ej44a8b', '::1', 1505053456, 0x5f5f63695f6c6173745f726567656e65726174657c693a313530353035333435363b),
('0l0luhlfuml2na8fv6qdqb1lhpma8ks7', '::1', 1505053616, 0x5f5f63695f6c6173745f726567656e65726174657c693a313530353035333631363b),
('209nogdc6klmt235tf89fsgb6jv5s12l', '127.0.0.1', 1505053622, 0x5f5f63695f6c6173745f726567656e65726174657c693a313530353035333632323b),
('2alvjsrs7ldllfljc67fl6u7vnur79hd', '::1', 1505053644, 0x5f5f63695f6c6173745f726567656e65726174657c693a313530353035333634343b),
('33g3h7un1qnq1mao1gpejmp7jbbkgf4i', '::1', 1505053816, 0x5f5f63695f6c6173745f726567656e65726174657c693a313530353035333831363b),
('33m895ffk6hnh6uij6rludebjlj7grog', '::1', 1505053845, 0x5f5f63695f6c6173745f726567656e65726174657c693a313530353035333834353b),
('4j5p9mvibu8n7b58brclv5gjogs2gn2s', '::1', 1505054017, 0x5f5f63695f6c6173745f726567656e65726174657c693a313530353035343031373b),
('2qhe5jt5tfd2m33pf1n3duhdihchmg2p', '::1', 1505054045, 0x5f5f63695f6c6173745f726567656e65726174657c693a313530353035343034353b),
('e87ol42n17o3oq3i913eqt2d4huocpfc', '::1', 1505054205, 0x5f5f63695f6c6173745f726567656e65726174657c693a313530353035343230353b),
('rburjmfr7lt8p789ttjc52dnv2oanu9l', '::1', 1505054233, 0x5f5f63695f6c6173745f726567656e65726174657c693a313530353035343233333b),
('p209vk11jqjfahq67skv7ved1aqvv8dv', '::1', 1505054405, 0x5f5f63695f6c6173745f726567656e65726174657c693a313530353035343430353b),
('vp3li5phr3u50pl85jgq8bdbj0ri4625', '::1', 1505054433, 0x5f5f63695f6c6173745f726567656e65726174657c693a313530353035343433333b),
('76la1vkancg0fkcpsfd2j1vgb6obd33c', '::1', 1505054437, 0x5f5f63695f6c6173745f726567656e65726174657c693a313530353035343433373b),
('5eibffs7tln8el3h1kq7oj6mfttqlf3h', '::1', 1505054466, 0x5f5f63695f6c6173745f726567656e65726174657c693a313530353035343436363b),
('jnv0isbf5sbihf1ftnfonn9tds5m62ng', '::1', 1505054501, 0x5f5f63695f6c6173745f726567656e65726174657c693a313530353035343530313b),
('16ha6qc2ua2m1oh1d64s79qvphtb2k5c', '::1', 1505054606, 0x5f5f63695f6c6173745f726567656e65726174657c693a313530353035343630363b),
('19v57hq0u1ft54u073eu84qsv1n8ff5l', '::1', 1505054701, 0x5f5f63695f6c6173745f726567656e65726174657c693a313530353035343730313b),
('9uc6l877qb0pqlecu53f9vaj42t6mk42', '::1', 1505054806, 0x5f5f63695f6c6173745f726567656e65726174657c693a313530353035343830363b),
('4cedh1jb14j080hmdjg7vc4vj8tnarc3', '127.0.0.1', 1505054899, 0x5f5f63695f6c6173745f726567656e65726174657c693a313530353035343839393b),
('0o2ru5d6qchg4i6npj6b4jv8722b3b3m', '::1', 1505054901, 0x5f5f63695f6c6173745f726567656e65726174657c693a313530353035343930313b),
('3dsnk4gs7qdhuh9qsr52g7racdkpj9f5', '127.0.0.1', 1505054912, 0x5f5f63695f6c6173745f726567656e65726174657c693a313530353035343931323b),
('373kfb28v5rr49sankdtcm4vl7hfjm2r', '127.0.0.1', 1505054959, 0x5f5f63695f6c6173745f726567656e65726174657c693a313530353035343935393b),
('lkt23r3cdqnnnem0s0amt81rurv64i07', '127.0.0.1', 1505054994, 0x5f5f63695f6c6173745f726567656e65726174657c693a313530353035343939343b),
('siijk2v6siph63u495q89srg60gaf9p3', '::1', 1505055006, 0x5f5f63695f6c6173745f726567656e65726174657c693a313530353035353030363b),
('jaacjh4mjnpbq15cqclqn5bukv1dl51a', '127.0.0.1', 1505055080, 0x5f5f63695f6c6173745f726567656e65726174657c693a313530353035353038303b),
('ju6hf1nqt2oj36qrkou8f1bsa45ef51c', '127.0.0.1', 1505055100, 0x5f5f63695f6c6173745f726567656e65726174657c693a313530353035353130303b),
('265skuh62auuflh07s28opjofgg3713b', '::1', 1505055102, 0x5f5f63695f6c6173745f726567656e65726174657c693a313530353035353130323b),
('4oqtottjr4hbso6gdhq1sbvgob5c09uh', '127.0.0.1', 1505055187, 0x5f5f63695f6c6173745f726567656e65726174657c693a313530353035353138373b),
('j3b43mm04ce4dk0b90b7mcg15hcd82fj', '::1', 1505055207, 0x5f5f63695f6c6173745f726567656e65726174657c693a313530353035353230373b),
('ttjvtuvd4hhol31fh51dlhpcfu5v603o', '127.0.0.1', 1505055213, 0x5f5f63695f6c6173745f726567656e65726174657c693a313530353035353231333b),
('eucbnfsu08kaf73tv8l5p0uk58jvb7rl', '127.0.0.1', 1505055239, 0x5f5f63695f6c6173745f726567656e65726174657c693a313530353035353233393b),
('lpc78khgogusgrkf2e37vp9bfqedfls4', '127.0.0.1', 1505055249, 0x5f5f63695f6c6173745f726567656e65726174657c693a313530353035353234393b),
('cm6lqkpkp73i0d7eh76vcnbs80ae1tsj', '127.0.0.1', 1505055276, 0x5f5f63695f6c6173745f726567656e65726174657c693a313530353035353237363b),
('s2hm8e9qjvepkm46c8csh8s4mvrk78n6', '127.0.0.1', 1505055287, 0x5f5f63695f6c6173745f726567656e65726174657c693a313530353035353238373b),
('qt226fp4s6ekqf5ejt8a1851a7jrotpe', '127.0.0.1', 1505055293, 0x5f5f63695f6c6173745f726567656e65726174657c693a313530353035353239333b),
('cstrl58joi02p5obunr9hkdc21t9qebe', '::1', 1505055302, 0x5f5f63695f6c6173745f726567656e65726174657c693a313530353035353330323b),
('matga25q3uj62qt3n8uqm51e88ngv04g', '127.0.0.1', 1505055309, 0x5f5f63695f6c6173745f726567656e65726174657c693a313530353035353330393b),
('jelrp7cdvptglnllqpju9m4o4aujog8a', '127.0.0.1', 1505055343, 0x5f5f63695f6c6173745f726567656e65726174657c693a313530353035353334333b),
('8ib95ecu8iu19qav34ea3k1i3imj471m', '127.0.0.1', 1505055366, 0x5f5f63695f6c6173745f726567656e65726174657c693a313530353035353336363b),
('oo7c1pu98tihul10eju40ig7q80jp085', '127.0.0.1', 1505055384, 0x5f5f63695f6c6173745f726567656e65726174657c693a313530353035353338343b),
('blp60f4ted9ai659ktd0aavbdn175qjq', '127.0.0.1', 1505055401, 0x5f5f63695f6c6173745f726567656e65726174657c693a313530353035353430313b),
('1unk69nukg602f17sek8m9ntigfkki50', '::1', 1505055407, 0x5f5f63695f6c6173745f726567656e65726174657c693a313530353035353430373b),
('50h5rvn80dv4pt8n8l9ncedb7il7p7gi', '127.0.0.1', 1505055411, 0x5f5f63695f6c6173745f726567656e65726174657c693a313530353035353431313b),
('01e4mue5hocf4bogrsiq2ekjcm1fun3t', '127.0.0.1', 1505055431, 0x5f5f63695f6c6173745f726567656e65726174657c693a313530353035353433313b),
('eh43ut8cvhcph059jqgcfq9qa4a1ht13', '::1', 1505055607, 0x5f5f63695f6c6173745f726567656e65726174657c693a313530353035353630373b),
('vfaiu1ocv8hbemtd1cn3j4o8sj4pq3bd', '::1', 1505055808, 0x5f5f63695f6c6173745f726567656e65726174657c693a313530353035353830383b),
('seakoc6l20a406aoeart7rjma2l1vk2b', '127.0.0.1', 1505055846, 0x5f5f63695f6c6173745f726567656e65726174657c693a313530353035353834363b),
('sko753k42qml5qtib7g0uhe5ugkcd0ig', '127.0.0.1', 1505055863, 0x5f5f63695f6c6173745f726567656e65726174657c693a313530353035353836333b),
('tbma0itp39vg51u6nhikd12vkuvkkovm', '127.0.0.1', 1505055879, 0x5f5f63695f6c6173745f726567656e65726174657c693a313530353035353837393b),
('ef31451915vl7gi0hrsf1qorjhid6ra5', '::1', 1505056009, 0x5f5f63695f6c6173745f726567656e65726174657c693a313530353035363030393b),
('n84ukhos59v18r2lgbg21c7kgbcmtmev', '127.0.0.1', 1505056101, 0x5f5f63695f6c6173745f726567656e65726174657c693a313530353035363130313b),
('ubra00j8qdpvl3fm2tmj41cjvralaj58', '127.0.0.1', 1505056111, 0x5f5f63695f6c6173745f726567656e65726174657c693a313530353035363131313b),
('i5mfip6m6a19uadjihe9bglob5petvpg', '127.0.0.1', 1505056154, 0x5f5f63695f6c6173745f726567656e65726174657c693a313530353035363135343b),
('k0l9nm9fq8o6hnn5vdhl1obta8bdhpsm', '127.0.0.1', 1505056179, 0x5f5f63695f6c6173745f726567656e65726174657c693a313530353035363137393b),
('o00j8ad2aae3atr3dfnjk9b21b9a97fg', '::1', 1505056211, 0x5f5f63695f6c6173745f726567656e65726174657c693a313530353035363231303b),
('j8p83p2o6ntij25k9oimmp34e84ot31j', '127.0.0.1', 1505056268, 0x5f5f63695f6c6173745f726567656e65726174657c693a313530353035363236383b),
('irn8ifk8uakt11d2bgbv166eb860rv1v', '::1', 1505056411, 0x5f5f63695f6c6173745f726567656e65726174657c693a313530353035363431313b),
('2vfh5miik4h4974sj1ruqgrcsdavsc24', '::1', 1505056612, 0x5f5f63695f6c6173745f726567656e65726174657c693a313530353035363631323b),
('3gjqi5ilksapqtnl7u99bkvdn8iutkjd', '::1', 1505056813, 0x5f5f63695f6c6173745f726567656e65726174657c693a313530353035363831333b),
('gfua9bsl9muremcurs26foog43699t2b', '::1', 1505057020, 0x5f5f63695f6c6173745f726567656e65726174657c693a313530353035373032303b),
('ptee357vsu7ubv2r14kpd4f7qg1m57gb', '::1', 1505057223, 0x5f5f63695f6c6173745f726567656e65726174657c693a313530353035373232333b),
('46dafbmfdkt8j71c5jjn9rbgekg6ahie', '::1', 1505057424, 0x5f5f63695f6c6173745f726567656e65726174657c693a313530353035373432343b),
('v0u2r131sg51ilfi4ejjh2lrrup662jp', '::1', 1505057624, 0x5f5f63695f6c6173745f726567656e65726174657c693a313530353035373632343b),
('3i7deac6gnm48s5tabpioa16n4t087ga', '::1', 1505057824, 0x5f5f63695f6c6173745f726567656e65726174657c693a313530353035373832343b),
('ga8ptug911klhtl1disuesvpsfq4i9tp', '::1', 1505058024, 0x5f5f63695f6c6173745f726567656e65726174657c693a313530353035383032343b),
('22qto9encmlasu4gd4i5p70g89qbf4h1', '::1', 1505058225, 0x5f5f63695f6c6173745f726567656e65726174657c693a313530353035383232353b),
('r9abe5i5lj1bhk5tock2sdadf34klool', '::1', 1505058425, 0x5f5f63695f6c6173745f726567656e65726174657c693a313530353035383432353b),
('u0j1vp82ujgbfv9ls0m205gu4ioq331o', '::1', 1505058625, 0x5f5f63695f6c6173745f726567656e65726174657c693a313530353035383632353b),
('h1k4fi208soa0atks765nlan2al59ctv', '::1', 1505058825, 0x5f5f63695f6c6173745f726567656e65726174657c693a313530353035383832353b),
('g05j5aq7f48hk1n70avrm19hcpulnmra', '::1', 1505059026, 0x5f5f63695f6c6173745f726567656e65726174657c693a313530353035393032363b),
('6potl2qq1kq4aevic3f2geelsacvnjdp', '::1', 1505059226, 0x5f5f63695f6c6173745f726567656e65726174657c693a313530353035393232363b),
('k1tp1fuel9vudstab9bvgpp5idchmi1m', '::1', 1505059426, 0x5f5f63695f6c6173745f726567656e65726174657c693a313530353035393432363b),
('k2auvfon1ar7r40h9uu6ndsvrqdntkm4', '::1', 1505059627, 0x5f5f63695f6c6173745f726567656e65726174657c693a313530353035393632373b),
('lqhqih23i96pmbp68fj5t9t5qe0orb67', '::1', 1505059827, 0x5f5f63695f6c6173745f726567656e65726174657c693a313530353035393832373b),
('k9lgj1tau973nmqimhhp7p1dlp14l27j', '::1', 1505060027, 0x5f5f63695f6c6173745f726567656e65726174657c693a313530353036303032373b),
('do8t6d29oh3ikgs88vsctqoi3gahp298', '::1', 1505060227, 0x5f5f63695f6c6173745f726567656e65726174657c693a313530353036303232373b),
('v1p8ju0cjjau5m0nhbogd6sneirnhe51', '::1', 1505060428, 0x5f5f63695f6c6173745f726567656e65726174657c693a313530353036303432383b),
('1anm6npu33vv3jgr6hmb5tccfugqcs04', '::1', 1505060628, 0x5f5f63695f6c6173745f726567656e65726174657c693a313530353036303632383b),
('4qrco01opjqujs5frahg5k8p6kardaos', '::1', 1505060828, 0x5f5f63695f6c6173745f726567656e65726174657c693a313530353036303832383b),
('0sjjt8lk0hpagqblsl197co3cmf3u07f', '::1', 1505061028, 0x5f5f63695f6c6173745f726567656e65726174657c693a313530353036313032383b),
('j0mt53648ud7hj5dr4cf2ho683kjjlga', '::1', 1505061229, 0x5f5f63695f6c6173745f726567656e65726174657c693a313530353036313232393b),
('ai0efp19cgkg99gls9mkqie158fopfpn', '::1', 1505061430, 0x5f5f63695f6c6173745f726567656e65726174657c693a313530353036313433303b),
('0hoekp0ts2b6610o3iq45ep2o1ke52g9', '::1', 1505061631, 0x5f5f63695f6c6173745f726567656e65726174657c693a313530353036313633313b),
('j809p8vln427ijm610j41p28dda8oov4', '::1', 1505061832, 0x5f5f63695f6c6173745f726567656e65726174657c693a313530353036313833323b),
('qri23e8pj7445658t0ld959aeo3rh74j', '::1', 1505062033, 0x5f5f63695f6c6173745f726567656e65726174657c693a313530353036323033333b),
('no4m96th3koejocankah2alkf8isekeh', '::1', 1505062233, 0x5f5f63695f6c6173745f726567656e65726174657c693a313530353036323233333b),
('9cu58vsurob10ka2ei5vorvdchmk3mk4', '::1', 1505062433, 0x5f5f63695f6c6173745f726567656e65726174657c693a313530353036323433333b),
('3e4aqgj5i338v98dl0lr3r8vrqekfk0d', '::1', 1505062634, 0x5f5f63695f6c6173745f726567656e65726174657c693a313530353036323633343b),
('l6rq7trdb02pacid5l60ehec8dr1eag5', '::1', 1505062834, 0x5f5f63695f6c6173745f726567656e65726174657c693a313530353036323833343b),
('0fqvnokeecnbjg11iag3avmhl1kdjd4j', '::1', 1505063034, 0x5f5f63695f6c6173745f726567656e65726174657c693a313530353036333033343b),
('3fsts5up8ggla8kn3dnu2167pa1ok8qj', '::1', 1505063235, 0x5f5f63695f6c6173745f726567656e65726174657c693a313530353036333233353b),
('n79g3rgfpfctvg14ulrii9r04u6caqq7', '::1', 1505063435, 0x5f5f63695f6c6173745f726567656e65726174657c693a313530353036333433353b),
('6vsnu4vve89csdn0i0fsuce40aurmmnv', '::1', 1505063635, 0x5f5f63695f6c6173745f726567656e65726174657c693a313530353036333633353b),
('c80arlbsfokojj8smrj0kmi4l6ql9uph', '::1', 1505063835, 0x5f5f63695f6c6173745f726567656e65726174657c693a313530353036333833353b),
('mico0g08gr900fdek9vdvr62v0n84ar1', '::1', 1505064036, 0x5f5f63695f6c6173745f726567656e65726174657c693a313530353036343033363b),
('5lonjah3s1gjbgbvt6ldu8hp6gqtf89k', '::1', 1505064236, 0x5f5f63695f6c6173745f726567656e65726174657c693a313530353036343233363b),
('d8p1bdqnaj076ql3o4ntn4a4c3r3h083', '::1', 1505064436, 0x5f5f63695f6c6173745f726567656e65726174657c693a313530353036343433363b),
('0s164vt13lvrbgcki7ae5f0amk0sscie', '::1', 1505064636, 0x5f5f63695f6c6173745f726567656e65726174657c693a313530353036343633363b),
('skvkje8f9f62fe98av6qm2ll02lrkgu8', '::1', 1505064837, 0x5f5f63695f6c6173745f726567656e65726174657c693a313530353036343833373b),
('6a8o14sqp5noo4m92o8blb63svpnfrnn', '::1', 1505065037, 0x5f5f63695f6c6173745f726567656e65726174657c693a313530353036353033373b),
('hs5eveud2m3lgbt57nrgi9n21t0e8eo9', '::1', 1505065237, 0x5f5f63695f6c6173745f726567656e65726174657c693a313530353036353233373b),
('g7t688ap7mrch6ov5m5a2ksh4c2k6tgk', '::1', 1505065438, 0x5f5f63695f6c6173745f726567656e65726174657c693a313530353036353433383b),
('tf5e9m48c0upmo6kkeflaoi0vait1sln', '::1', 1505065638, 0x5f5f63695f6c6173745f726567656e65726174657c693a313530353036353633383b),
('shao3ojrn15crhuf7h6d8hmdmdbhbf37', '::1', 1505065838, 0x5f5f63695f6c6173745f726567656e65726174657c693a313530353036353833383b),
('0v0kd9vmgqe91vlfi1m9f56smtru1g76', '::1', 1505066038, 0x5f5f63695f6c6173745f726567656e65726174657c693a313530353036363033383b),
('je1ng1pcmhm35rpihatutdhtu49ot0g2', '::1', 1505066239, 0x5f5f63695f6c6173745f726567656e65726174657c693a313530353036363233393b),
('apfqqp4nrtgc4if7roc5mr4oia62p4uc', '::1', 1505066439, 0x5f5f63695f6c6173745f726567656e65726174657c693a313530353036363433393b),
('66u0beodhj605v6uenpuaqh5nu1aj5mn', '::1', 1505066639, 0x5f5f63695f6c6173745f726567656e65726174657c693a313530353036363633393b),
('qu81ugudf5968vkklp787943rmegoc0b', '::1', 1505066840, 0x5f5f63695f6c6173745f726567656e65726174657c693a313530353036363834303b),
('a6lj7a8qkjq0umhsintua4d9es843c8g', '::1', 1505067040, 0x5f5f63695f6c6173745f726567656e65726174657c693a313530353036373034303b),
('m1m8t878af4uut50vsagr9i6k6sngt2n', '::1', 1505067240, 0x5f5f63695f6c6173745f726567656e65726174657c693a313530353036373234303b),
('njdbna8vgepndesclgg67072prl400a1', '::1', 1505067440, 0x5f5f63695f6c6173745f726567656e65726174657c693a313530353036373434303b),
('otkq4sqrpffa27hbscvjf2a4jes035it', '::1', 1505067641, 0x5f5f63695f6c6173745f726567656e65726174657c693a313530353036373634313b),
('4ai9m2g69ehpi29alc7egh07ag4j493u', '::1', 1505067841, 0x5f5f63695f6c6173745f726567656e65726174657c693a313530353036373834313b),
('ou5pcsqg9nae2h31cjsmdpt1nlk3ehp9', '::1', 1505068041, 0x5f5f63695f6c6173745f726567656e65726174657c693a313530353036383034313b),
('epkt4ii3pqkkvr6d7g0lud20tvug8pqg', '::1', 1505068242, 0x5f5f63695f6c6173745f726567656e65726174657c693a313530353036383234323b),
('v77rh5jgbpao90mi66q4kcjgtnn3509p', '::1', 1505068442, 0x5f5f63695f6c6173745f726567656e65726174657c693a313530353036383434323b),
('16tso54gei4n6idltnlcushem65ts2t6', '::1', 1505068642, 0x5f5f63695f6c6173745f726567656e65726174657c693a313530353036383634323b),
('l83ibn22k1gs3b3503rob6oh72e6jatp', '::1', 1505068842, 0x5f5f63695f6c6173745f726567656e65726174657c693a313530353036383834323b),
('bi75hia71f2de6ii95gpehbrg4sfac58', '::1', 1505069043, 0x5f5f63695f6c6173745f726567656e65726174657c693a313530353036393034333b),
('pgk45pnqkk4rn09ba3affn7mfp19085u', '::1', 1505069243, 0x5f5f63695f6c6173745f726567656e65726174657c693a313530353036393234333b),
('t71imgf2hik49hrd4n8r9gbqh7ha5ni0', '::1', 1505069443, 0x5f5f63695f6c6173745f726567656e65726174657c693a313530353036393434333b),
('amcq1eoieue7g6r53k8gc5s1lr47ao37', '::1', 1505069644, 0x5f5f63695f6c6173745f726567656e65726174657c693a313530353036393634343b),
('3pn5han2bpgf12kohohhgfj7bnj43gc2', '::1', 1505069845, 0x5f5f63695f6c6173745f726567656e65726174657c693a313530353036393834353b),
('0esrkrb7n1qcf6ggofganpogmqgaittd', '::1', 1505070046, 0x5f5f63695f6c6173745f726567656e65726174657c693a313530353037303034363b),
('9d5qi4vglj7s7c7qr5b57qgindb359ta', '127.0.0.1', 1505070065, 0x5f5f63695f6c6173745f726567656e65726174657c693a313530353037303036353b),
('grr5mu1mh2pcss4ono6u54cvrfqgo5c0', '::1', 1505070247, 0x5f5f63695f6c6173745f726567656e65726174657c693a313530353037303234373b),
('kvj5hr0remfe180ssp15icflib8efr70', '::1', 1505070448, 0x5f5f63695f6c6173745f726567656e65726174657c693a313530353037303434383b),
('n0vusfre24imooimhslv88kp5ock7a7d', '::1', 1505070649, 0x5f5f63695f6c6173745f726567656e65726174657c693a313530353037303634393b),
('rr1og285jk0jvmeisao4ebf24tdhjcj9', '::1', 1505070850, 0x5f5f63695f6c6173745f726567656e65726174657c693a313530353037303835303b),
('uvpbr7fjrrqt61rqj8dgjk24p3dkpdrd', '::1', 1505071051, 0x5f5f63695f6c6173745f726567656e65726174657c693a313530353037313035313b),
('0t4n5j0d3vubofjol1h6vtdbgip4nihr', '::1', 1505071246, 0x5f5f63695f6c6173745f726567656e65726174657c693a313530353037313234363b),
('ghou8lh8rcmnd45214d5gp9o8fa1mi0e', '::1', 1505071447, 0x5f5f63695f6c6173745f726567656e65726174657c693a313530353037313434373b),
('k8f4aknj3e1d2i621l4hhejm2tk3aspu', '127.0.0.1', 1505071601, 0x5f5f63695f6c6173745f726567656e65726174657c693a313530353037313630313b),
('hjmqanrgq8j96ohd8t253cc340cubmu9', '::1', 1505071648, 0x5f5f63695f6c6173745f726567656e65726174657c693a313530353037313634383b),
('v5no2fc8gotvh8nvnqu8ufq7draifb7p', '127.0.0.1', 1505071673, 0x5f5f63695f6c6173745f726567656e65726174657c693a313530353037313637333b),
('dii0emlc4diaunij1gtdk6l3mkj7c21v', '127.0.0.1', 1505071715, 0x5f5f63695f6c6173745f726567656e65726174657c693a313530353037313731353b),
('2us83d0tg9k7bvprnbl5pl5g45f32t1s', '::1', 1505071849, 0x5f5f63695f6c6173745f726567656e65726174657c693a313530353037313834393b),
('qi4mge1soapuq023an7cs1s3baqphulf', '127.0.0.1', 1505071886, 0x5f5f63695f6c6173745f726567656e65726174657c693a313530353037313838363b),
('q7p47d68dar3g234o516eva0ll4gah2s', '127.0.0.1', 1505071909, 0x5f5f63695f6c6173745f726567656e65726174657c693a313530353037313930393b),
('quqjalaimlmc9pa218ufhcuoljugtkg8', '127.0.0.1', 1505071932, 0x5f5f63695f6c6173745f726567656e65726174657c693a313530353037313933323b),
('s8mu6r8rq7e2o4cqajb4soo1rqkgiggi', '127.0.0.1', 1505071961, 0x5f5f63695f6c6173745f726567656e65726174657c693a313530353037313936313b),
('0t55ljh135do69pp3luc02dk72r2vbh5', '127.0.0.1', 1505071985, 0x5f5f63695f6c6173745f726567656e65726174657c693a313530353037313938353b),
('jk169bqmc6qi03ate09c13numo5in1n4', '127.0.0.1', 1505071999, 0x5f5f63695f6c6173745f726567656e65726174657c693a313530353037313939393b),
('jqct407d4ag9b80t4heio3gk7g5kadi6', '127.0.0.1', 1505072034, 0x5f5f63695f6c6173745f726567656e65726174657c693a313530353037323033343b),
('jvsu353j2evu0gdu96bh6t2auqvb828u', '::1', 1505072049, 0x5f5f63695f6c6173745f726567656e65726174657c693a313530353037323034393b),
('s7jr4lp7uce5p1evp68opboq6fi19frt', '127.0.0.1', 1505072053, 0x5f5f63695f6c6173745f726567656e65726174657c693a313530353037323035333b),
('k8sgqmmo1dtdlknumodt53g5jdv5j231', '127.0.0.1', 1505072118, 0x5f5f63695f6c6173745f726567656e65726174657c693a313530353037323131383b),
('br96661js04bg728ahlf6rtt8rvsjvbp', '127.0.0.1', 1505072151, 0x5f5f63695f6c6173745f726567656e65726174657c693a313530353037323135313b),
('a4bdb8r3ng6fujfulpetboo879l0kcjb', '127.0.0.1', 1505072220, 0x5f5f63695f6c6173745f726567656e65726174657c693a313530353037323232303b),
('jo7cbui5ur8e94ijh8q5csb2a3tim0o3', '::1', 1505072249, 0x5f5f63695f6c6173745f726567656e65726174657c693a313530353037323234393b),
('ptchuqpllo4o81g25mla3q7r61r8fsog', '127.0.0.1', 1505072277, 0x5f5f63695f6c6173745f726567656e65726174657c693a313530353037323237373b),
('b11p18dns4mrqe23075me7fae7i99mib', '127.0.0.1', 1505072304, 0x5f5f63695f6c6173745f726567656e65726174657c693a313530353037323330343b),
('d540p2u3g21m9jghsmrvipsui4caasoh', '127.0.0.1', 1505072323, 0x5f5f63695f6c6173745f726567656e65726174657c693a313530353037323332333b),
('7rv0cf9dq6vip00mbgv4d33um45rpsk0', '127.0.0.1', 1505072329, 0x5f5f63695f6c6173745f726567656e65726174657c693a313530353037323332393b),
('k1fc5iblffp7k9qphlhgno6a5b1nfsm7', '::1', 1505072449, 0x5f5f63695f6c6173745f726567656e65726174657c693a313530353037323434393b),
('im4scp7h9lkhr5l23u8d7tosd23ptjpk', '127.0.0.1', 1505072510, 0x5f5f63695f6c6173745f726567656e65726174657c693a313530353037323531303b),
('n0s0imbqhfrhsq78ecah1smfvllovi99', '127.0.0.1', 1505072522, 0x5f5f63695f6c6173745f726567656e65726174657c693a313530353037323532323b),
('am3dkq5sds45uj7jtee64hp3nfknik2f', '127.0.0.1', 1505072535, 0x5f5f63695f6c6173745f726567656e65726174657c693a313530353037323533353b),
('qedr7bk1ligvn006lid99918mku5irem', '127.0.0.1', 1505072544, 0x5f5f63695f6c6173745f726567656e65726174657c693a313530353037323534343b),
('aae9o9gduqcv8dknj4om3favr4n344vg', '127.0.0.1', 1505072551, 0x5f5f63695f6c6173745f726567656e65726174657c693a313530353037323535313b),
('5k26ecrv3amntv5bd38rvtgkdb96idur', '::1', 1505072649, 0x5f5f63695f6c6173745f726567656e65726174657c693a313530353037323634393b),
('1vf9kknmi27r2cv6qvcic9004o5nlj9h', '127.0.0.1', 1505072822, 0x5f5f63695f6c6173745f726567656e65726174657c693a313530353037323832323b),
('6dlpqmn3sbmob3ui5jbf691k2q86dr8b', '127.0.0.1', 1505072847, 0x5f5f63695f6c6173745f726567656e65726174657c693a313530353037323834373b),
('67d8knl12a6f69pfj1p7kbgbfh2u8364', '::1', 1505072850, 0x5f5f63695f6c6173745f726567656e65726174657c693a313530353037323835303b),
('4u31utbnk5jukqmud5kld3pic21542m1', '127.0.0.1', 1505073046, 0x5f5f63695f6c6173745f726567656e65726174657c693a313530353037333034363b),
('meph6bbm5fo5hlomsshofkcr8puafhqi', '::1', 1505073051, 0x5f5f63695f6c6173745f726567656e65726174657c693a313530353037333035313b),
('ehhhrjuvaljp00tep39ptel93dkbsltr', '127.0.0.1', 1505073080, 0x5f5f63695f6c6173745f726567656e65726174657c693a313530353037333038303b),
('cdtgs4tnr3leb5rs6j4truop6rj14o2u', '127.0.0.1', 1505073106, 0x5f5f63695f6c6173745f726567656e65726174657c693a313530353037333130363b),
('m74p6ndhh4t0vmehqe6ip095852d2ga6', '127.0.0.1', 1505073140, 0x5f5f63695f6c6173745f726567656e65726174657c693a313530353037333134303b),
('k0t0cdqq81340om9ddd3k7o5a6npet0q', '::1', 1505073252, 0x5f5f63695f6c6173745f726567656e65726174657c693a313530353037333235323b),
('co2l8kitqfdeuu9qmqb8kajgfg5av3a5', '127.0.0.1', 1505073353, 0x5f5f63695f6c6173745f726567656e65726174657c693a313530353037333335333b),
('nsrj1a36kodg0njp43cp2ktpuvkahlkg', '127.0.0.1', 1505073389, 0x5f5f63695f6c6173745f726567656e65726174657c693a313530353037333338393b),
('b6jlvehukk0vik7p1618pfo13ggcq0ph', '127.0.0.1', 1505073408, 0x5f5f63695f6c6173745f726567656e65726174657c693a313530353037333430383b),
('58rmf3ragugvrrbqu4tbhl2faouctd88', '127.0.0.1', 1505073440, 0x5f5f63695f6c6173745f726567656e65726174657c693a313530353037333434303b),
('n0nlk3idi66sp40huk80ql00nr57iej5', '::1', 1505073453, 0x5f5f63695f6c6173745f726567656e65726174657c693a313530353037333435333b),
('7i4pgo6ko5kn8f9ac3c2lca9iic84hve', '127.0.0.1', 1505073483, 0x5f5f63695f6c6173745f726567656e65726174657c693a313530353037333438333b),
('m8o7o378g7sf9lgr3idseasb9t9vgtuv', '127.0.0.1', 1505073501, 0x5f5f63695f6c6173745f726567656e65726174657c693a313530353037333530313b),
('i9ls6kdnq0iotsgg1u19a9kommnl5f5k', '127.0.0.1', 1505073566, 0x5f5f63695f6c6173745f726567656e65726174657c693a313530353037333536363b),
('8vm5d6jkm17hjqprfl2qd704c5oqele3', '::1', 1505073654, 0x5f5f63695f6c6173745f726567656e65726174657c693a313530353037333635343b),
('grgu3smaapppqom85h7cdpb852srprge', '127.0.0.1', 1505073822, 0x5f5f63695f6c6173745f726567656e65726174657c693a313530353037333832323b),
('vjogiqqst1fkie8ov865g1h0ohq2h29a', '127.0.0.1', 1505073837, 0x5f5f63695f6c6173745f726567656e65726174657c693a313530353037333833373b757365726e616d657c733a373a227573756172696f223b6e6f6d627265737c733a31373a225573756172696f20646520507275656261223b75736572747970657c733a323a224c31223b6c6173745f6c6f67696e7c733a31393a22323031372d30392d31302031363a30333a3537223b),
('qk2nk44fr95aishf578vvtg8c41kod2o', '::1', 1505073854, 0x5f5f63695f6c6173745f726567656e65726174657c693a313530353037333835343b),
('k9u7e1g0ib8211gbse9cagrv7573hfj3', '127.0.0.1', 1505073965, 0x5f5f63695f6c6173745f726567656e65726174657c693a313530353037333936353b757365726e616d657c733a373a227573756172696f223b6e6f6d627265737c733a31373a225573756172696f20646520507275656261223b75736572747970657c733a323a224c31223b6c6f676765645f696e7c623a313b6c6173745f6c6f67696e7c733a31393a22323031372d30392d31302031363a30363a3035223b),
('et3rck3a580f37euhcp57cgof2b0gu9d', '::1', 1505074055, 0x5f5f63695f6c6173745f726567656e65726174657c693a313530353037343035353b),
('l7fm6e2f3en9d6s8at8q9pbhqec5v128', '127.0.0.1', 1505074074, 0x5f5f63695f6c6173745f726567656e65726174657c693a313530353037343037343b757365726e616d657c733a373a227573756172696f223b6e6f6d627265737c733a31373a225573756172696f20646520507275656261223b75736572747970657c733a323a224c31223b6c6f676765645f696e7c623a313b6c6173745f6c6f67696e7c733a31393a22323031372d30392d31302031363a30373a3534223b),
('trgtrrk98sktvieqbrfgda8i633u4b5l', '127.0.0.1', 1505074307, 0x5f5f63695f6c6173745f726567656e65726174657c693a313530353037343330373b),
('7db8dg4tl77kfcl5qiabbcotka2fdi3j', '127.0.0.1', 1505074330, 0x5f5f63695f6c6173745f726567656e65726174657c693a313530353037343333303b),
('d03kof1k0o0bdod0gjbu2bac0hjgs33f', '127.0.0.1', 1505074358, 0x5f5f63695f6c6173745f726567656e65726174657c693a313530353037343335383b),
('rejc7rije8nba4uqvr1366ap8trblg5o', '::1', 1505074445, 0x5f5f63695f6c6173745f726567656e65726174657c693a313530353037343434353b),
('s1ivf9upga9eo862gutlc24d32snuu5c', '127.0.0.1', 1505074833, 0x5f5f63695f6c6173745f726567656e65726174657c693a313530353037343833333b),
('n0jnldlvoq2jhnnpnmas89eu5dccc5g9', '127.0.0.1', 1505074855, 0x5f5f63695f6c6173745f726567656e65726174657c693a313530353037343835353b),
('fbm0678ndo0dso8jtndi81p0jl43memo', '127.0.0.1', 1505074886, 0x5f5f63695f6c6173745f726567656e65726174657c693a313530353037343838363b),
('il6t34i88unbgoltuo847ljd4883qbmk', '127.0.0.1', 1505074907, 0x5f5f63695f6c6173745f726567656e65726174657c693a313530353037343930373b757365726e616d657c733a373a227573756172696f223b6e6f6d627265737c733a31373a225573756172696f20646520507275656261223b75736572747970657c733a323a224c31223b6c6f676765645f696e7c623a313b6c6173745f6c6f67696e7c733a31393a22323031372d30392d31302031363a32313a3437223b),
('pi3802dkcf3geb9i85c33snnso4370aq', '127.0.0.1', 1505074928, 0x5f5f63695f6c6173745f726567656e65726174657c693a313530353037343932383b757365726e616d657c733a373a227573756172696f223b6e6f6d627265737c733a31373a225573756172696f20646520507275656261223b75736572747970657c733a323a224c31223b6c6f676765645f696e7c623a313b6c6173745f6c6f67696e7c733a31393a22323031372d30392d31302031363a32323a3038223b),
('u7ecmd3majo5aa2b42iq3najpvufsssn', '127.0.0.1', 1505074944, 0x5f5f63695f6c6173745f726567656e65726174657c693a313530353037343934343b),
('n5g91l1d7m57pd3so185n60l8ag66vbe', '127.0.0.1', 1505075005, 0x5f5f63695f6c6173745f726567656e65726174657c693a313530353037353030353b),
('n7p531q8s07216ea586celgsbpra6dtu', '::1', 1505075031, 0x5f5f63695f6c6173745f726567656e65726174657c693a313530353037353033313b),
('2301oqseh9njq4irn30cv1pvmgcc8t5f', '::1', 1505075046, 0x5f5f63695f6c6173745f726567656e65726174657c693a313530353037353034363b),
('enh8gsgm4i1anb91u1hv1lva7d3dmjrd', '::1', 1505075056, 0x5f5f63695f6c6173745f726567656e65726174657c693a313530353037353035363b),
('os7a3r1c7nv7jd08qfkct1m4i93c79uk', '::1', 1505075066, 0x5f5f63695f6c6173745f726567656e65726174657c693a313530353037353036363b),
('0k5q06ghkgr190232mgfscc9iav5d20n', '::1', 1505075075, 0x5f5f63695f6c6173745f726567656e65726174657c693a313530353037353037353b),
('acei9mfe9ubr2077frrtegjaffo7guqg', '::1', 1505075131, 0x5f5f63695f6c6173745f726567656e65726174657c693a313530353037353133313b),
('pram20t36t409r4u4fc263mv7p7b96rr', '127.0.0.1', 1505075349, 0x5f5f63695f6c6173745f726567656e65726174657c693a313530353037353334393b757365726e616d657c733a373a227573756172696f223b6e6f6d627265737c733a31373a225573756172696f20646520507275656261223b75736572747970657c733a323a224c31223b6c6f676765645f696e7c623a313b6c6173745f6c6f67696e7c733a31393a22323031372d30392d31302031363a32393a3039223b),
('bmb5ie4bh1d721dicq8sq140he3ldvj9', '127.0.0.1', 1505075377, 0x5f5f63695f6c6173745f726567656e65726174657c693a313530353037353337373b),
('mi28jpraotqh8jsrdjib0tg76es0vbin', '::1', 1505075409, 0x5f5f63695f6c6173745f726567656e65726174657c693a313530353037353430393b),
('7s1qk30beun16aqfs4s1cgrbuh0dbkp5', '::1', 1505075610, 0x5f5f63695f6c6173745f726567656e65726174657c693a313530353037353631303b),
('jepojtugdjoublm9pa6b7r8harrpj768', '127.0.0.1', 1505075782, 0x5f5f63695f6c6173745f726567656e65726174657c693a313530353037353738323b),
('qeame98j012seauaouifa0dg5fh2aolm', '::1', 1505075811, 0x5f5f63695f6c6173745f726567656e65726174657c693a313530353037353831313b),
('n4vu874g9naiqjmqs1qdkim7hd7ivqb0', '127.0.0.1', 1505075816, 0x5f5f63695f6c6173745f726567656e65726174657c693a313530353037353831363b),
('raektfjcqm7gblqhe4l1l8ninfpebd5h', '127.0.0.1', 1505075842, 0x5f5f63695f6c6173745f726567656e65726174657c693a313530353037353834323b),
('o9bo83495mejs863nppd1ki7lusrsbt3', '127.0.0.1', 1505075861, 0x5f5f63695f6c6173745f726567656e65726174657c693a313530353037353836313b),
('sa6rkouc1ef2i0kveg3ing5tjemtc8ab', '::1', 1505076015, 0x5f5f63695f6c6173745f726567656e65726174657c693a313530353037363031353b),
('hf1fgklae1sko3t2s4se9p339gcd8ihh', '127.0.0.1', 1505076126, 0x5f5f63695f6c6173745f726567656e65726174657c693a313530353037363132363b),
('0o4hb8lfi3r1tu77v4faf4voidaclsgd', '127.0.0.1', 1505076193, 0x5f5f63695f6c6173745f726567656e65726174657c693a313530353037363139333b),
('fp0c30v4lovhj0qniden1tiqsaqd609u', '::1', 1505076216, 0x5f5f63695f6c6173745f726567656e65726174657c693a313530353037363231363b),
('t8q7j28slcfclst9oq0pvk4faog2kj83', '127.0.0.1', 1505076316, 0x5f5f63695f6c6173745f726567656e65726174657c693a313530353037363331363b),
('lo0m4ilc7l84msebojosi4gq69cr092i', '127.0.0.1', 1505076339, 0x5f5f63695f6c6173745f726567656e65726174657c693a313530353037363333393b),
('2svdgp7c1gf1k5ckq5gco6hra51d0pb8', '127.0.0.1', 1505076364, 0x5f5f63695f6c6173745f726567656e65726174657c693a313530353037363336343b),
('0rq5gqp883ml3cnts8en405me4qmeu9k', '::1', 1505076417, 0x5f5f63695f6c6173745f726567656e65726174657c693a313530353037363431373b),
('8nrv28cgas53mbp3sa6lhhdje31ts03g', '::1', 1505079834, 0x5f5f63695f6c6173745f726567656e65726174657c693a313530353037393833333b),
('e7400j8t61tkpv8stveocpd3sacafb61', '::1', 1505079835, 0x5f5f63695f6c6173745f726567656e65726174657c693a313530353037393833333b),
('dc5l2r20upgu7jj5fqg27rmcuqhb6a9a', '127.0.0.1', 1505087104, 0x5f5f63695f6c6173745f726567656e65726174657c693a313530353038373130333b),
('q5hc6pfn78m1g70vpk1lbquj5vhorr0o', '::1', 1505087242, 0x5f5f63695f6c6173745f726567656e65726174657c693a313530353038373234323b),
('f0sv2241a053jft9eg3cjmsi91bi4rub', '::1', 1505087443, 0x5f5f63695f6c6173745f726567656e65726174657c693a313530353038373434333b),
('mks7gf8sgdreueiip1p518rhoj528ctt', '127.0.0.1', 1505087458, 0x5f5f63695f6c6173745f726567656e65726174657c693a313530353038373435383b),
('fh88psbgm0to2prnhc8trpdardl1bk7p', '::1', 1505087644, 0x5f5f63695f6c6173745f726567656e65726174657c693a313530353038373634343b),
('mo3oen8i9oca9md80s8fjrl1fekm2js7', '::1', 1505087845, 0x5f5f63695f6c6173745f726567656e65726174657c693a313530353038373834353b),
('3d58gbcps5soskokp453pucepsa6t7ed', '::1', 1505088046, 0x5f5f63695f6c6173745f726567656e65726174657c693a313530353038383034363b),
('61gvlj1paa29saij2ml2cqbj8f9ncdrn', '::1', 1505088247, 0x5f5f63695f6c6173745f726567656e65726174657c693a313530353038383234373b),
('4nmo8f1s01ttik64ribc276gksviu9u0', '::1', 1505088448, 0x5f5f63695f6c6173745f726567656e65726174657c693a313530353038383434383b),
('vc8t5av8pn0fqte1mcbs1urntpd4kd3t', '::1', 1505088649, 0x5f5f63695f6c6173745f726567656e65726174657c693a313530353038383634393b),
('rcr79iojhpbg4n43q7isombp2le7p5a9', '::1', 1505088853, 0x5f5f63695f6c6173745f726567656e65726174657c693a313530353038383835333b),
('vc9qoo1qvucugp69c59gpslua5jjebm5', '::1', 1505089054, 0x5f5f63695f6c6173745f726567656e65726174657c693a313530353038393035343b),
('a9cifh7qcaovmmum7vgvdnm7jqtsp1bd', '::1', 1505089073, 0x5f5f63695f6c6173745f726567656e65726174657c693a313530353038393037333b),
('6jivdrs8hikhl1sdkvjtkik4l0ivc8jc', '::1', 1505089074, 0x5f5f63695f6c6173745f726567656e65726174657c693a313530353038393037343b),
('sf1mu1o4h4no1fvobk0sgsj8mhpjd3o9', '::1', 1505089075, 0x5f5f63695f6c6173745f726567656e65726174657c693a313530353038393037353b),
('3eja1ik1dhluo424i32o1oqf72c2rb09', '::1', 1505089075, 0x5f5f63695f6c6173745f726567656e65726174657c693a313530353038393037353b),
('2qst9sia8aa98kast771uf2pqn7l9mi1', '::1', 1505089076, 0x5f5f63695f6c6173745f726567656e65726174657c693a313530353038393037363b),
('ernjl4qine733ld5krj7tfcgtsr0v97u', '::1', 1505089077, 0x5f5f63695f6c6173745f726567656e65726174657c693a313530353038393037373b),
('tg7c8vn0cmkhe2a2bngsf8n7lg8l642c', '::1', 1505089077, 0x5f5f63695f6c6173745f726567656e65726174657c693a313530353038393037373b),
('ee00tgo11jp8jfc73b5see6o0ci31btv', '::1', 1505089077, 0x5f5f63695f6c6173745f726567656e65726174657c693a313530353038393037373b),
('fpe4a0ldtlb9l7kdon8vfvnki85tr65i', '::1', 1505089279, 0x5f5f63695f6c6173745f726567656e65726174657c693a313530353038393237393b),
('hrdqgfh77eku6cu9vsj0b6tf2nmkaisj', '::1', 1505089293, 0x5f5f63695f6c6173745f726567656e65726174657c693a313530353038393239333b);

-- --------------------------------------------------------

--
-- Estructura de tabla para la tabla `detalle_pedido_factura`
--

CREATE TABLE `detalle_pedido_factura` (
  `detalle_pedido_factura` mediumint(9) NOT NULL,
  `id_pedido_factura` mediumint(9) NOT NULL,
  `cod_contable` char(20) NOT NULL COMMENT 'REFERENCIA A PRODUCTOS',
  `nro_cajas` smallint(6) NOT NULL COMMENT 'CAJAS QUE CONFORMAN EL PEDIDO, DE UN SOLO PRODUCTO',
  `costo_und` decimal(8,2) NOT NULL COMMENT 'COSTO POR BOTELLA DE PRODUCTO',
  `date_create` timestamp NOT NULL DEFAULT CURRENT_TIMESTAMP,
  `last_update` datetime DEFAULT NULL,
  `id_user` smallint(6) NOT NULL COMMENT 'NOMBRE APP USER QUE GUARDA EL REGISTRO'
) ENGINE=InnoDB DEFAULT CHARSET=latin1 COMMENT='Deatalle de los productos que trae un pedido, se registran los detalles de las facturas de compra de producto';

--
-- Volcado de datos para la tabla `detalle_pedido_factura`
--

INSERT INTO `detalle_pedido_factura` (`detalle_pedido_factura`, `id_pedido_factura`, `cod_contable`, `nro_cajas`, `costo_und`, `date_create`, `last_update`, `id_user`) VALUES
(1, 4, '01011010010206010750', 100, '12.00', '2017-09-11 05:31:30', NULL, 1),
(5, 4, '02041160180102010750', 1, '1.00', '2017-09-11 14:01:16', NULL, 1),
(4, 4, '02072130160101010750', 1, '1.00', '2017-09-11 14:01:01', NULL, 1),
(3, 4, '02082093090104021000', 1, '1.00', '2017-09-11 14:00:28', NULL, 1),
(11, 7, '02041160180102010750', 200, '12.42', '2017-09-12 03:35:52', NULL, 1);

-- --------------------------------------------------------

--
-- Estructura de tabla para la tabla `factura_gastos_nacionalizacion`
--

CREATE TABLE `factura_gastos_nacionalizacion` (
  `id_factura_gastos_nacionalizacion` smallint(6) NOT NULL,
  `id_gastos_nacionalizacion` mediumint(9) NOT NULL,
  `id_factura_pagos_pedido` smallint(6) NOT NULL,
  `valor` decimal(8,2) NOT NULL DEFAULT '0.00',
  `date_create` timestamp NOT NULL DEFAULT CURRENT_TIMESTAMP,
  `last_update` datetime DEFAULT NULL,
  `id_user` smallint(6) NOT NULL
) ENGINE=InnoDB DEFAULT CHARSET=latin1;

--
-- Volcado de datos para la tabla `factura_gastos_nacionalizacion`
--

INSERT INTO `factura_gastos_nacionalizacion` (`id_factura_gastos_nacionalizacion`, `id_gastos_nacionalizacion`, `id_factura_pagos_pedido`, `valor`, `date_create`, `last_update`, `id_user`) VALUES
(2, 1, 12, '109.09', '2017-09-16 08:37:56', NULL, 1),
(5, 1, 12141, '109.09', '2017-09-16 08:41:01', NULL, 1),
(1, 1, 12367, '309.09', '2017-09-16 07:36:46', '2017-09-16 03:43:10', 1),
(3, 1, 32767, '109.09', '2017-09-16 08:39:41', NULL, 1);

-- --------------------------------------------------------

--
-- Estructura de tabla para la tabla `factura_informativa`
--

CREATE TABLE `factura_informativa` (
  `id_factura_informativa` mediumint(9) NOT NULL,
  `nro_factura_informativa` char(8) NOT NULL COMMENT '00000000  EL NUMERO DE LA FACTURA PUEDE TENER HASTA 8 DIGITOS',
  `nro_pedido` char(6) NOT NULL COMMENT '000/00 FORMATO NRO DE PEDIDO Y DOS DIGITO ANIO',
  `identificacion_proveedor` varchar(16) NOT NULL COMMENT 'IDENTIFICADOR DE PROVEEDOR ENTREGADO POR VINESA PARA MENORES PONER CEROS ANTES',
  `fele_aduana` decimal(8,2) NOT NULL COMMENT 'ES CALCULADA POR FORMULA',
  `seguro_aduana` decimal(8,2) NOT NULL COMMENT 'ES CALCULADA POR FORMULA',
  `moneda` varchar(45) NOT NULL COMMENT 'MONEDA CON LA QUE SE HIZO LA COMPRA, EL TIPO DE CAMBIO SOLO AFECTA AL CALCULO DE LOS IMPUESTOS, EL TIPO DE CAMBIO INICIAL ES EL FOB A LIQUIDAR',
  `tipo_cambio` decimal(8,2) NOT NULL DEFAULT '1.00' COMMENT 'TIPO DE CAMBIO DE LA MONEDA EN LA EMISION DE LA FACTURA INFORMATIVA',
  `date_create` timestamp NOT NULL DEFAULT CURRENT_TIMESTAMP,
  `last_update` datetime DEFAULT NULL,
  `id_user` smallint(6) NOT NULL COMMENT 'NOMBRE APP USER QUE GUARDA EL REGISTRO'
) ENGINE=InnoDB DEFAULT CHARSET=latin1 COMMENT='Se registran los valores de los productos que se va a nacionalizar, aqui se registra\r\nla factura informativa de la bodega publica';

--
-- Volcado de datos para la tabla `factura_informativa`
--

INSERT INTO `factura_informativa` (`id_factura_informativa`, `nro_factura_informativa`, `nro_pedido`, `identificacion_proveedor`, `fele_aduana`, `seguro_aduana`, `moneda`, `tipo_cambio`, `date_create`, `last_update`, `id_user`) VALUES
(2, '0032103', '006-17', '1234567890001', '1.00', '1.00', 'DOLAR', '1.00', '2017-09-13 02:41:11', NULL, 1),
(4, '0032105', '006-17', '1234567890001', '1.00', '1.00', 'DOLAR', '1.00', '2017-09-13 02:41:18', NULL, 1),
(5, '0032106', '006-17', '1234567890001', '1.00', '1.00', 'DOLAR', '1.00', '2017-09-13 02:41:20', NULL, 1),
(6, '0032107', '006-17', '1234567890001', '1.00', '1.00', 'DOLAR', '1.00', '2017-09-13 02:41:22', NULL, 1),
(8, '0032199', '006-17', '1234567890001', '1.00', '1.00', 'DOLAR', '1.00', '2017-09-13 02:41:32', NULL, 1);

-- --------------------------------------------------------

--
-- Estructura de tabla para la tabla `factura_informativa_detalle`
--

CREATE TABLE `factura_informativa_detalle` (
  `id_factura_informativa_detalle` mediumint(9) NOT NULL,
  `id_factura_informativa` mediumint(9) NOT NULL,
  `cod_contable` char(20) NOT NULL COMMENT 'REFERENCIA A PRODUCTOS',
  `nro_cajas` smallint(6) NOT NULL COMMENT 'CANTIDAD DE CAJAS A DESADUANIZAR DE UN PRODUCTO',
  `date_create` timestamp NOT NULL DEFAULT CURRENT_TIMESTAMP,
  `last_update` datetime DEFAULT NULL,
  `id_user` smallint(6) NOT NULL COMMENT 'NOMBRE APP USER QUE GUARDA EL REGISTRO'
) ENGINE=InnoDB DEFAULT CHARSET=latin1 COMMENT='Se registran los valores de los productos que se va a nacionalizar';

--
-- Volcado de datos para la tabla `factura_informativa_detalle`
--

INSERT INTO `factura_informativa_detalle` (`id_factura_informativa_detalle`, `id_factura_informativa`, `cod_contable`, `nro_cajas`, `date_create`, `last_update`, `id_user`) VALUES
(4, 2, '02032260030302090187', 99, '2017-09-17 02:16:25', '2017-09-16 22:26:42', 1),
(1, 2, '02032260030302130750', 23, '2017-09-17 02:14:08', NULL, 1);

-- --------------------------------------------------------

--
-- Estructura de tabla para la tabla `factura_pagos`
--

CREATE TABLE `factura_pagos` (
  `id_factura_pagos` smallint(6) NOT NULL,
  `identificacion_proveedor` varchar(16) NOT NULL,
  `nro_factura` char(10) NOT NULL,
  `fecha_emision` date NOT NULL,
  `valor` decimal(8,2) NOT NULL,
  `saldo` decimal(8,2) NOT NULL,
  `comentarios` varchar(250) NOT NULL,
  `date_create` timestamp NOT NULL DEFAULT CURRENT_TIMESTAMP,
  `last_update` datetime DEFAULT NULL,
  `id_user` smallint(6) NOT NULL
) ENGINE=InnoDB DEFAULT CHARSET=latin1;

--
-- Volcado de datos para la tabla `factura_pagos`
--

INSERT INTO `factura_pagos` (`id_factura_pagos`, `identificacion_proveedor`, `nro_factura`, `fecha_emision`, `valor`, `saldo`, `comentarios`, `date_create`, `last_update`, `id_user`) VALUES
(3, '1111111111118', '64323000', '0000-00-00', '123.86', '0.00', '', '2017-09-17 02:25:02', NULL, 1),
(2, '1111111111118', '64323456', '0000-00-00', '123.86', '0.00', '', '2017-09-16 09:22:28', NULL, 0),
(5, '1111111111118', '6432391', '0000-00-00', '123.86', '0.00', '', '2017-09-17 02:25:17', NULL, 1),
(6, '1111111111118', '6432393', '0000-00-00', '123.86', '0.00', '', '2017-09-17 02:25:22', NULL, 1),
(4, '1111111111118', '6432399', '0000-00-00', '123.86', '0.00', '', '2017-09-17 02:25:12', NULL, 1);

-- --------------------------------------------------------

--
-- Estructura de tabla para la tabla `factura_pagos_pedido`
--

CREATE TABLE `factura_pagos_pedido` (
  `id_factura_pagos_pedido` mediumint(9) NOT NULL,
  `nro_pedido` char(6) NOT NULL,
  `id_factura_pagos` smallint(6) NOT NULL,
  `valor` decimal(8,2) NOT NULL,
  `concepto` varchar(50) NOT NULL,
  `fecha_inicio` date DEFAULT NULL,
  `fecha_fin` date DEFAULT NULL,
  `date_create` timestamp NOT NULL DEFAULT CURRENT_TIMESTAMP,
  `last_update` datetime DEFAULT NULL,
  `id_user` smallint(6) NOT NULL
) ENGINE=InnoDB DEFAULT CHARSET=latin1;

--
-- Volcado de datos para la tabla `factura_pagos_pedido`
--

INSERT INTO `factura_pagos_pedido` (`id_factura_pagos_pedido`, `nro_pedido`, `id_factura_pagos`, `valor`, `concepto`, `fecha_inicio`, `fecha_fin`, `date_create`, `last_update`, `id_user`) VALUES
(3, '999-17', 3, '123.12', 'THC', '2017-09-12', '2017-10-12', '2017-09-17 03:07:12', '2017-09-16 23:08:23', 1);

-- --------------------------------------------------------

--
-- Estructura de tabla para la tabla `factura_pagos_pedido_gasto_inicial_r70`
--

CREATE TABLE `factura_pagos_pedido_gasto_inicial_r70` (
  `id_factura_pagos_pedido_gasto_inicial` smallint(6) NOT NULL,
  `id_gastos_iniciales` mediumint(9) NOT NULL,
  `id_factura_pagos_pedido` smallint(6) NOT NULL,
  `valor` decimal(8,2) NOT NULL DEFAULT '0.00',
  `date_create` timestamp NOT NULL DEFAULT CURRENT_TIMESTAMP,
  `last_update` datetime DEFAULT NULL,
  `id_user` smallint(6) NOT NULL
) ENGINE=InnoDB DEFAULT CHARSET=latin1;

--
-- Volcado de datos para la tabla `factura_pagos_pedido_gasto_inicial_r70`
--

INSERT INTO `factura_pagos_pedido_gasto_inicial_r70` (`id_factura_pagos_pedido_gasto_inicial`, `id_gastos_iniciales`, `id_factura_pagos_pedido`, `valor`, `date_create`, `last_update`, `id_user`) VALUES
(1, 1, 1234, '200.00', '2017-09-13 04:30:31', NULL, 1),
(2, 2, 1234, '200.00', '2017-09-13 04:30:56', NULL, 1),
(5, 4, 1234, '200.00', '2017-09-13 04:31:24', NULL, 1),
(6, 4, 12340, '200.00', '2017-09-13 04:31:31', NULL, 1);

-- --------------------------------------------------------

--
-- Estructura de tabla para la tabla `gastos_iniciales_r70`
--

CREATE TABLE `gastos_iniciales_r70` (
  `id_gastos_iniciales` mediumint(9) NOT NULL,
  `nro_pedido` char(6) NOT NULL,
  `concepto` varchar(45) NOT NULL,
  `valor_provisionado` decimal(8,2) NOT NULL,
  `comentarios` varchar(250) DEFAULT NULL,
  `date_create` timestamp NOT NULL DEFAULT CURRENT_TIMESTAMP,
  `last_update` datetime DEFAULT NULL,
  `id_user` smallint(6) NOT NULL COMMENT 'NOMBRE APP USER QUE GUARDA EL REGISTRO'
) ENGINE=InnoDB DEFAULT CHARSET=latin1 COMMENT='LISTADO DE FACTURAS RECIBIDAS POR SERVICIOS DE IMPORTACION TANTO LOS GASTOS INICIALES COMO LOS \r\nPARCIALES';

--
-- Volcado de datos para la tabla `gastos_iniciales_r70`
--

INSERT INTO `gastos_iniciales_r70` (`id_gastos_iniciales`, `nro_pedido`, `concepto`, `valor_provisionado`, `comentarios`, `date_create`, `last_update`, `id_user`) VALUES
(1, '006-17', 'Almacenaje Inicial', '200.00', '', '2017-09-13 04:00:48', NULL, 1),
(4, '006-17', 'THC', '200.00', '', '2017-09-13 04:01:16', NULL, 1),
(3, '006-17', 'Tranporte', '200.00', '', '2017-09-13 04:01:12', NULL, 1),
(2, '006-17', 'Tranporte Gye-Uio', '200.00', '', '2017-09-13 04:01:07', NULL, 1);

-- --------------------------------------------------------

--
-- Estructura de tabla para la tabla `gastos_nacionalizacion`
--

CREATE TABLE `gastos_nacionalizacion` (
  `id_gastos_nacionalizacion` mediumint(9) NOT NULL,
  `id_nacionalizacion` smallint(6) NOT NULL,
  `concepto` varchar(45) NOT NULL,
  `valor_provisionado` decimal(8,2) NOT NULL,
  `comentarios` varchar(250) DEFAULT NULL,
  `date_create` timestamp NOT NULL DEFAULT CURRENT_TIMESTAMP,
  `last_update` datetime DEFAULT NULL,
  `id_user` smallint(6) NOT NULL COMMENT 'NOMBRE APP USER QUE GUARDA EL REGISTRO'
) ENGINE=InnoDB DEFAULT CHARSET=latin1 COMMENT='LISTADO DE FACTURAS RECIBIDAS POR SERVICIOS DE IMPORTACION TANTO LOS GASTOS INICIALES COMO LOS \r\nPARCIALES';

--
-- Volcado de datos para la tabla `gastos_nacionalizacion`
--

INSERT INTO `gastos_nacionalizacion` (`id_gastos_nacionalizacion`, `id_nacionalizacion`, `concepto`, `valor_provisionado`, `comentarios`, `date_create`, `last_update`, `id_user`) VALUES
(2, 1, 'Agente', '154.54', '', '2017-09-16 07:24:57', '2017-09-16 03:36:00', 1),
(1, 1, 'Bodega', '1000.00', '', '2017-09-16 07:24:47', NULL, 1);

-- --------------------------------------------------------

--
-- Estructura de tabla para la tabla `impuestos_nacionalizacion`
--

CREATE TABLE `impuestos_nacionalizacion` (
  `id_impuestos` smallint(6) NOT NULL,
  `id_nacionalizacion` smallint(6) NOT NULL,
  `concepto` varchar(45) NOT NULL,
  `valor_provisionado` decimal(8,2) NOT NULL,
  `comentarios` varchar(250) DEFAULT NULL,
  `date_create` timestamp NOT NULL DEFAULT CURRENT_TIMESTAMP,
  `last_update` datetime DEFAULT NULL,
  `id_user` smallint(6) NOT NULL COMMENT 'NOMBRE APP USER QUE GUARDA EL REGISTRO'
) ENGINE=InnoDB DEFAULT CHARSET=latin1 COMMENT='Se registran todos los impuestos que existen en una nacionalizacion, solo impuestos de la SENAE';

--
-- Volcado de datos para la tabla `impuestos_nacionalizacion`
--

INSERT INTO `impuestos_nacionalizacion` (`id_impuestos`, `id_nacionalizacion`, `concepto`, `valor_provisionado`, `comentarios`, `date_create`, `last_update`, `id_user`) VALUES
(2, 1, 'CAMBIO', '304.31', '', '2017-09-16 04:37:55', '2017-09-16 01:46:04', 1),
(5, 1, 'EDUARDO', '304.31', '', '2017-09-16 04:57:20', NULL, 1),
(3, 1, 'FODINFA', '234.31', '', '2017-09-16 04:42:28', NULL, 1),
(4, 1, 'ICE ESPECIAL', '304.31', '', '2017-09-16 04:57:13', NULL, 1),
(9, 1, 'NUEVO VALOR', '304.31', '', '2017-09-16 05:45:38', NULL, 1),
(8, 1, 'VANESSA', '304.31', '', '2017-09-16 05:00:55', NULL, 1),
(7, 1, 'VILLOTA', '304.31', '', '2017-09-16 04:57:29', NULL, 1);

-- --------------------------------------------------------

--
-- Estructura de tabla para la tabla `incoterm_provision`
--

CREATE TABLE `incoterm_provision` (
  `id_incoterm` mediumint(9) NOT NULL,
  `tipo` enum('GASTO INTERNACIONAL','FLETE','CERO') NOT NULL COMMENT 'TIPO DE TARIFA GASTO SE USA PARA GASTOS EN ORIGEN Y FLETE PARA COSTO DE TRANSPORTE INTERNACIONAL',
  `pais` varchar(45) NOT NULL,
  `incoterms` enum('EXW','FCA','FOB','CFR') NOT NULL COMMENT 'TIPO DE INCOTERM QUE SE APLICA',
  `ciudad` varchar(45) NOT NULL,
  `tarifa` decimal(8,2) NOT NULL DEFAULT '0.00' COMMENT 'COSTO DE LAS TARIFAS EN DOLARES',
  `comentarios` varchar(250) DEFAULT NULL,
  `date_create` timestamp NOT NULL DEFAULT CURRENT_TIMESTAMP,
  `last_update` datetime DEFAULT NULL,
  `id_user` smallint(6) NOT NULL COMMENT 'NOMBRE APP USER QUE GUARDA EL REGISTRO'
) ENGINE=InnoDB DEFAULT CHARSET=latin1 COMMENT='tabla de tarifas de incoterms negociaciones en el exterior';

--
-- Volcado de datos para la tabla `incoterm_provision`
--

INSERT INTO `incoterm_provision` (`id_incoterm`, `tipo`, `pais`, `incoterms`, `ciudad`, `tarifa`, `comentarios`, `date_create`, `last_update`, `id_user`) VALUES
(12, 'FLETE', 'ALEMANIA', 'FOB', 'HAMBURGO', '773.14', NULL, '2017-09-07 15:24:49', '2017-08-24 21:46:21', 1),
(1, 'GASTO INTERNACIONAL', 'ARGENTINA', 'EXW', 'MENDOZA', '2110.00', NULL, '2017-09-07 15:24:49', '2017-08-24 21:46:21', 1),
(7, 'FLETE', 'ARGENTINA', 'EXW', 'MENDOZA', '200.00', NULL, '2017-09-07 15:24:49', '2017-08-24 21:46:21', 1),
(3, 'GASTO INTERNACIONAL', 'ARGENTINA', 'FCA', 'MENDOZA', '2110.00', NULL, '2017-09-07 15:24:49', '2017-08-24 21:46:21', 1),
(8, 'FLETE', 'ARGENTINA', 'FCA', 'MENDOZA', '200.00', NULL, '2017-09-07 15:24:49', '2017-08-24 21:46:21', 1),
(9, 'FLETE', 'CHILE', 'FOB', 'SAN ANTONIO', '200.00', NULL, '2017-09-07 15:24:49', '2017-08-24 21:46:21', 1),
(22, 'FLETE', 'CHINA', 'FOB', 'SHANGAY', '2300.21', NULL, '2017-09-19 23:09:01', NULL, 1),
(21, 'GASTO INTERNACIONAL', 'CUALQUIERA', 'EXW', 'CUALQUIERA', '0.00', 'REGISTRO CREADO PARA TARIFAS SUELTAS', '2017-09-07 15:40:32', NULL, 1),
(19, 'FLETE', 'CUBA', 'FOB', 'LA HAVANA', '0.00', 'LOS VALORES SE INGRESAN A MANO', '2017-09-07 15:24:49', '2017-08-24 21:46:21', 1),
(14, 'FLETE', 'ESPAÑA', 'FOB', 'ALGECIRAS', '886.84', NULL, '2017-09-07 15:24:49', '2017-08-24 21:46:21', 1),
(15, 'FLETE', 'ESPAÑA', 'FOB', 'BARCELONA', '886.84', NULL, '2017-09-07 15:24:49', '2017-08-24 21:46:21', 1),
(5, 'GASTO INTERNACIONAL', 'ESPAÑA', 'FOB', 'BILVAO', '0.00', 'VALORES POR DEFINIR', '2017-09-07 15:24:49', '2017-08-24 21:46:21', 1),
(16, 'FLETE', 'ESPAÑA', 'FOB', 'BILVAO', '0.00', 'VALORES POR DEFINIR', '2017-09-07 15:24:49', '2017-08-24 21:46:21', 1),
(13, 'FLETE', 'ESPAÑA', 'FOB', 'MADRID', '886.84', NULL, '2017-09-07 15:24:49', '2017-08-24 21:46:21', 1),
(10, 'FLETE', 'EUROPA', 'CFR', 'TILBURI', '1620.00', NULL, '2017-09-07 15:24:49', '2017-08-24 21:46:21', 1),
(6, 'GASTO INTERNACIONAL', 'ITALIA', 'FCA', 'GENOVA', '0.00', 'VALORES POR DEFINIR', '2017-09-07 15:24:49', '2017-08-24 21:46:21', 1),
(20, 'FLETE', 'ITALIA', 'FCA', 'GENOVA', '0.00', 'LOS VALORES SE INGRESAN A MANO', '2017-09-07 15:24:49', '2017-08-24 21:46:21', 1),
(4, 'GASTO INTERNACIONAL', 'MEXICO', 'EXW', 'MANZANILLO', '0.00', 'VALORES POR DEFINIR', '2017-09-07 15:24:49', '2017-08-24 21:46:21', 1),
(18, 'FLETE', 'MEXICO', 'EXW', 'MANZANILLO', '0.00', 'LOS VALORES SE INGRESAN A MANO', '2017-09-07 15:24:49', '2017-08-24 21:46:21', 1),
(17, 'FLETE', 'PERU', 'FOB', 'LIMA', '0.00', 'LOS VALORES SE INGRESAN A MANO', '2017-09-07 15:24:49', '2017-08-24 21:46:21', 1),
(2, 'GASTO INTERNACIONAL', 'PORTUGAL', 'EXW', 'PORTO', '657.41', NULL, '2017-09-07 15:24:49', '2017-08-24 21:46:21', 1),
(11, 'FLETE', 'PORTUGAL', 'EXW', 'PORTO', '1070.00', NULL, '2017-09-07 15:24:49', '2017-08-24 21:46:21', 1);

-- --------------------------------------------------------

--
-- Estructura de tabla para la tabla `liquidacion_impuestos`
--

CREATE TABLE `liquidacion_impuestos` (
  `id_liquidacion_impuestos` smallint(6) NOT NULL,
  `id_impuestos` smallint(6) NOT NULL,
  `nro_documento` varchar(18) NOT NULL,
  `valor` decimal(8,2) NOT NULL,
  `date_create` timestamp NOT NULL DEFAULT CURRENT_TIMESTAMP,
  `last_update` datetime DEFAULT NULL,
  `id_user` smallint(6) NOT NULL
) ENGINE=InnoDB DEFAULT CHARSET=latin1;

--
-- Volcado de datos para la tabla `liquidacion_impuestos`
--

INSERT INTO `liquidacion_impuestos` (`id_liquidacion_impuestos`, `id_impuestos`, `nro_documento`, `valor`, `date_create`, `last_update`, `id_user`) VALUES
(1, 2, '1234576543', '134.31', '2017-09-16 05:47:18', NULL, 1),
(2, 3, '87654', '101.00', '2017-09-16 05:47:46', '2017-09-16 02:07:59', 1),
(3, 3, '876543', '138.31', '2017-09-16 05:47:50', NULL, 1);

-- --------------------------------------------------------

--
-- Estructura de tabla para la tabla `nacionalizacion`
--

CREATE TABLE `nacionalizacion` (
  `id_nacionalizacion` smallint(6) NOT NULL,
  `nro_pedido` char(6) NOT NULL COMMENT 'REFERENCIA A PEDIDO',
  `nro_factura_informativa` char(8) NOT NULL COMMENT '00000000  02014403 el numero es en un solo formato',
  `moneda` varchar(45) NOT NULL COMMENT 'ESTE CAMPO SOLO SE USA EN EL REGISTRO DE REGIMEN 10 YA QUE EL 70 LO TRAE EN LA FACTURA INFORMATIVA',
  `tipo_cambio` decimal(8,2) NOT NULL DEFAULT '1.00' COMMENT '	ESTE CAMPO SOLO SE USA EN EL REGISTRO DE REGIMEN 10 YA QUE EL 70 LO TRAE EN LA FACTURA INFORMATIVA',
  `date_create` timestamp NOT NULL DEFAULT CURRENT_TIMESTAMP,
  `last_update` datetime DEFAULT NULL,
  `id_user` smallint(6) NOT NULL COMMENT 'NOMBRE APP USER QUE GUARDA EL REGISTRO'
) ENGINE=InnoDB DEFAULT CHARSET=latin1 COMMENT='detalle de las facturas o pedidos a nacionalizar, se crea un registro en cero en cada \r\ntabla padre para que hacer el cruce cuando se haga un regimen 10 o 70 ';

--
-- Volcado de datos para la tabla `nacionalizacion`
--

INSERT INTO `nacionalizacion` (`id_nacionalizacion`, `nro_pedido`, `nro_factura_informativa`, `moneda`, `tipo_cambio`, `date_create`, `last_update`, `id_user`) VALUES
(1, '133-17', '0032107', 'dolares', '3.00', '2017-09-16 04:37:36', NULL, 1);

-- --------------------------------------------------------

--
-- Estructura de tabla para la tabla `pedido`
--

CREATE TABLE `pedido` (
  `id_pedido` mediumint(9) NOT NULL,
  `nro_pedido` char(6) NOT NULL COMMENT '000/00 FORMATO NRO DE PEDIDO Y DOS DIGITO ANIO',
  `regimen` enum('70','10') NOT NULL COMMENT 'REGIMENES DE IMPORTACION R10 NO TIENEN GASTOS INICIALES R70 SI LOS TIENE SOL LOS GASTOS GENERADOS DE PASAR LA MERCADERIA DEL PUERTO A LA AMACENERA TEMPORAL "ALMAGRO"',
  `id_incoterm` mediumint(9) NOT NULL,
  `antes_fob` decimal(8,2) NOT NULL DEFAULT '0.00' COMMENT 'es el valor justificado de los gastos en origen',
  `antes_fob_provisionado` decimal(8,2) NOT NULL DEFAULT '0.00' COMMENT 'Registra el valor provisionado por los incoterms',
  `flete_aduana` decimal(8,2) NOT NULL DEFAULT '0.00' COMMENT 'VALOR CALCULADO POR FORMULA DEBE PODERSE EDITAR',
  `seguro_aduana` decimal(8,2) NOT NULL DEFAULT '0.00' COMMENT 'VALOR CALCULADO POR FORMULA DEBE PODERSE EDITAR',
  `estado_pedido` enum('ABIERTO','CERRADO') DEFAULT 'ABIERTO' COMMENT 'INDICA DI EL PEDIDO ESTA CERRADO O NO',
  `pais_origen` varchar(45) DEFAULT NULL,
  `ciudad_origen` varchar(45) DEFAULT NULL,
  `comentarios` varchar(250) DEFAULT NULL,
  `date_create` timestamp NOT NULL DEFAULT CURRENT_TIMESTAMP,
  `last_update` datetime DEFAULT NULL,
  `id_user` smallint(6) NOT NULL COMMENT 'NOMBRE APP USER QUE GUARDA EL REGISTRO'
) ENGINE=InnoDB DEFAULT CHARSET=latin1 COMMENT='Tabla que registra un pedido usando las tablas de \nfactura\nproveedor\ntarifa\nincoterms\nproducto\n';

--
-- Volcado de datos para la tabla `pedido`
--

INSERT INTO `pedido` (`id_pedido`, `nro_pedido`, `regimen`, `id_incoterm`, `antes_fob`, `antes_fob_provisionado`, `flete_aduana`, `seguro_aduana`, `estado_pedido`, `pais_origen`, `ciudad_origen`, `comentarios`, `date_create`, `last_update`, `id_user`) VALUES
(2, '006-17', '10', 0, '0.00', '0.00', '0.00', '0.00', 'ABIERTO', NULL, NULL, 'Tercera Vez que cambio los comentario', '2017-09-10 04:27:24', '2017-09-10 01:01:47', 1),
(1, '033-17', '10', 21, '0.00', '0.00', '109.40', '200.00', 'ABIERTO', NULL, NULL, 'PRIMER PEDIDO SE LO EGISTRA A MANERA DE PRUEBA EN UN R10 ', '2017-09-07 10:47:13', NULL, 1),
(7, '100-17', '10', 0, '0.00', '0.00', '0.00', '0.00', 'ABIERTO', NULL, NULL, '', '2017-09-10 19:56:29', NULL, 1),
(8, '133-17', '10', 0, '0.00', '0.00', '0.00', '0.00', 'ABIERTO', NULL, NULL, '', '2017-09-13 22:46:35', NULL, 1),
(5, '999-17', '10', 0, '0.00', '0.00', '0.00', '0.00', 'ABIERTO', NULL, NULL, '', '2017-09-10 05:12:22', NULL, 1);

-- --------------------------------------------------------

--
-- Estructura de tabla para la tabla `pedido_factura`
--

CREATE TABLE `pedido_factura` (
  `id_pedido_factura` mediumint(9) NOT NULL,
  `nro_pedido` char(6) NOT NULL,
  `id_factura_proveedor` char(8) NOT NULL COMMENT 'REFERENCIA A PROVEEDOR',
  `identificacion_proveedor` varchar(16) NOT NULL COMMENT 'IDENTIFICADOR DE PROVEEDOR ENTREGADO POR VINESA PARA MENORES PONER CEROS ANTES',
  `fecha_emision` date NOT NULL COMMENT 'FECHA DE EMISION DE LA FACTURA DE PROVEEDOR',
  `valor` decimal(8,2) DEFAULT '0.00' COMMENT 'NO SE INGRESA SE LO VERIFICA SUMANDO DETALLE FACTURA',
  `moneda` varchar(45) NOT NULL COMMENT 'MONEDA CON LA QUE SE HIZO LA COMPRA, EL TIPO DE CAMBIO SE CONJELA HASTA LIQUIDAR EL FOB',
  `tipo_cambio` decimal(8,2) NOT NULL DEFAULT '1.00' COMMENT 'EL TIPO DE CAMBIO SE CONGELA HASTA LIQUIDAR EL FOB EN DOLARES',
  `vencimiento_pago` date DEFAULT NULL COMMENT 'PLAZO PARA EL PAGO DE LA FACTURA AL PRIVEEDOR INTERNAICONAL',
  `date_create` timestamp NOT NULL DEFAULT CURRENT_TIMESTAMP,
  `last_update` datetime DEFAULT NULL,
  `id_user` smallint(6) NOT NULL COMMENT 'NOMBRE APP USER QUE GUARDA EL REGISTRO'
) ENGINE=InnoDB DEFAULT CHARSET=latin1 COMMENT='listado de facturas de producto que se importa';

--
-- Volcado de datos para la tabla `pedido_factura`
--

INSERT INTO `pedido_factura` (`id_pedido_factura`, `nro_pedido`, `id_factura_proveedor`, `identificacion_proveedor`, `fecha_emision`, `valor`, `moneda`, `tipo_cambio`, `vencimiento_pago`, `date_create`, `last_update`, `id_user`) VALUES
(2, '999-17', '12345', '1111111111122', '0000-00-00', '200.00', 'DOLAR', '1.00', '0000-00-00', '2017-09-10 05:17:46', NULL, 1),
(5, '006-17', '1234567', '1111111111122', '0000-00-00', '1000.00', 'DOLAR', '1.00', '0000-00-00', '2017-09-11 05:39:30', NULL, 1),
(12, '133-17', '14332222', '1111111111122', '0000-00-00', '1000.00', 'DOLAR', '1.00', '0000-00-00', '2017-09-13 22:52:17', NULL, 1),
(7, '033-17', '14334567', '1111111111122', '0000-00-00', '1000.00', 'DOLAR', '1.00', '0000-00-00', '2017-09-11 05:39:48', NULL, 1),
(4, '999-17', '73212', '1111111111122', '0000-00-00', '1000.00', 'EUROS', '1.00', '0000-00-00', '2017-09-11 04:37:16', NULL, 1),
(13, '133-17', '777', '1111111111122', '0000-00-00', '1000.00', 'DOLAR', '1.00', '0000-00-00', '2017-09-13 22:52:36', NULL, 1);

-- --------------------------------------------------------

--
-- Estructura de tabla para la tabla `producto`
--

CREATE TABLE `producto` (
  `id_producto` mediumint(9) NOT NULL,
  `cod_contable` char(20) NOT NULL COMMENT 'CODIDO CONTABLEENTREGADO POR SAP 00000000000000000000 20 DIGITOS SOLO NUMEROS',
  `identificacion_proveedor` varchar(16) NOT NULL COMMENT 'IDENTIFICADOR DE PROVEEDOR ENTREGADO POR VINESA PARA MENORES PONER CEROS ANTES',
  `cod_ice` char(39) NOT NULL COMMENT 'ejemplo 3031-53-001982-013-000750-66-101-000029',
  `nombre` varchar(70) NOT NULL,
  `capacidad_ml` smallint(6) NOT NULL COMMENT 'CONTENIDO EN ML DE CADA UNIDAD',
  `cantidad_x_caja` smallint(6) NOT NULL COMMENT 'ES EL NUMERO DE UNIDADES QUE TRAE LA CAJA',
  `grado_alcoholico` float NOT NULL,
  `costo_unidad` decimal(8,2) NOT NULL DEFAULT '0.00' COMMENT 'COSTO DEL PRODUCTO, PARA QUE SIRVA DE REFERENCIA EN LAS TABLAS DE PEDIDOS DERTALLES',
  `estado` tinyint(1) NOT NULL DEFAULT '1' COMMENT 'EL ESTADO INDICA SI SE IMPORTA O NO EL PRODUCTO 1 = SI 0 = NO ',
  `custodia_doble` tinyint(1) NOT NULL DEFAULT '0' COMMENT 'si se importa o ya se ha dejado de importar\n',
  `comentarios` varchar(250) DEFAULT NULL,
  `date_create` timestamp NOT NULL DEFAULT CURRENT_TIMESTAMP,
  `last_update` datetime DEFAULT NULL,
  `id_user` smallint(6) NOT NULL COMMENT 'NOMBRE APP USER QUE GUARDA EL REGISTRO'
) ENGINE=InnoDB DEFAULT CHARSET=latin1 COMMENT='listado de productos que  se compran en los pedidos';

--
-- Volcado de datos para la tabla `producto`
--

INSERT INTO `producto` (`id_producto`, `cod_contable`, `identificacion_proveedor`, `cod_ice`, `nombre`, `capacidad_ml`, `cantidad_x_caja`, `grado_alcoholico`, `costo_unidad`, `estado`, `custodia_doble`, `comentarios`, `date_create`, `last_update`, `id_user`) VALUES
(1, '01011010010206010750', '00P9022700000', '3031-53-013129-013-000750-66-101-000029', 'VINO TINTO RESERVADO MALBEC', 750, 12, 12.5, '9.99', 1, 0, NULL, '2017-09-07 10:07:29', NULL, 1),
(307, '01011010010206010900', '00P9022700000', '3031-53-013129-013-000750-66-101-000029', 'Traguito de prueba para cada una', 900, 12, 10.91, '32.98', 1, 0, '', '2017-09-12 02:44:24', NULL, 1),
(311, '01011010010206010988', '00P9022700000', '3031-53-013129-013-000750-66-101-000029', 'Traguito de prueba para cada una de las filas', 900, 12, 10.91, '32.98', 1, 0, '', '2017-09-12 03:32:09', NULL, 1),
(2, '01011010040117010750', '33-68989817-9', '3031-53-001982-013-000750-66-101-000029', 'VINO TRIVENTO CHARDONAY/CHENIN', 750, 12, 12.5, '9.99', 1, 0, NULL, '2017-09-07 10:07:29', NULL, 1),
(3, '01011010040117020750', '33-68989817-9', '3031-53-001982-013-000750-66-101-000037', 'VINO TRIVENTO SYRAH/MALBEC', 750, 12, 13.5, '9.99', 1, 0, NULL, '2017-09-07 10:07:29', NULL, 1),
(4, '01011010040205010750', '33-68989817-9', '3031-53-001982-013-000750-66-101-000037', 'VINO TRIVENTO RES. CHARD-BLANC', 750, 12, 13.5, '9.99', 1, 0, NULL, '2017-09-07 10:07:29', NULL, 1),
(5, '01011010040206010750', '33-68989817-9', '3031-53-001982-013-000750-66-101-000037', 'VINO TRIVENTO RES. MALBEC', 750, 12, 13.5, '9.99', 1, 0, NULL, '2017-09-07 10:07:29', NULL, 1),
(6, '01011010040217010750', '33-68989817-9', '3031-53-001982-013-000750-66-101-000037', 'VINO TRIVENTO RES. CAB.MALBEC', 750, 12, 13.5, '9.99', 1, 0, NULL, '2017-09-07 10:07:29', NULL, 1),
(7, '01011010040303010750', '33-68989817-9', '3031-53-001982-013-000750-66-101-000077', 'VINO TRIVENTO TRIBU CAB. SAUVI', 750, 12, 40, '9.99', 0, 0, NULL, '2017-09-07 10:07:29', NULL, 1),
(8, '01011010040306010750', '33-68989817-9', '3031-53-001982-013-000750-66-101-000037', 'VINO TRIVENTO TRIBU MALBEC', 750, 12, 13.5, '9.99', 1, 0, NULL, '2017-09-07 10:07:29', NULL, 1),
(9, '01011010040307010750', '33-68989817-9', '3031-53-001982-013-000750-66-101-000037', 'VINO TRIVENTO TRIBU MERLOT', 750, 12, 13.5, '9.99', 0, 0, NULL, '2017-09-07 10:07:29', NULL, 1),
(10, '01011010040309010750', '33-68989817-9', '3031-53-001982-013-000750-66-101-000037', 'VINO TRIVENTO TRIBU SYRAH', 750, 12, 13.5, '9.99', 1, 0, NULL, '2017-09-07 10:07:29', NULL, 1),
(11, '01011010040311010750', '33-68989817-9', '3031-53-001986-013-000750-66-101-000037', 'VINO TRIVENTO TRIBU TEMPRANILL', 750, 12, 13.5, '9.99', 1, 0, NULL, '2017-09-07 10:07:29', NULL, 1),
(12, '01011010040312010750', '33-68989817-9', '3031-53-001987-013-000750-66-101-000037', 'VINO TRIVENTO TRIBU VIOGNIER', 750, 12, 13.5, '9.99', 1, 0, NULL, '2017-09-07 10:07:29', NULL, 1),
(13, '01011010040404010750', '33-68989817-9', '3031-53-001982-013-000750-66-101-000033', 'VINO COLECCION FINCAS SAUV. BL', 750, 6, 13, '9.99', 1, 0, NULL, '2017-09-07 10:07:29', NULL, 1),
(14, '01011010040406010750', '33-68989817-9', '3031-53-001982-013-000750-66-101-000041', 'VINO COLECCIÓN FINCAS MALBEC', 750, 6, 14, '9.99', 1, 0, NULL, '2017-09-07 10:07:29', NULL, 1),
(15, '01011010040409010750', '33-68989817-9', '3031-53-001982-013-000750-66-101-000041', 'VINO COLECCIÓN FINCAS SYRAH', 750, 6, 14, '9.99', 1, 0, NULL, '2017-09-07 10:07:29', NULL, 1),
(16, '01011010040606010750', '33-68989817-9', '3031-53-001982-013-000750-66-101-000048', 'VINO TRIVENTO GOLDEN RES. MALB', 750, 6, 14.8, '9.99', 1, 0, NULL, '2017-09-07 10:07:29', NULL, 1),
(17, '01011010040609010750', '33-68989817-9', '3031-53-001978-013-000750-66-101-000041', 'VINO TINTO SYRAH GOLDEN RESERVE TRIVENTO', 750, 6, 14, '9.99', 1, 0, NULL, '2017-09-07 10:07:29', NULL, 1),
(18, '01011010040701010750', '33-68989817-9', '3031-53-001982-013-000750-66-101-000029', 'VINO TRIVENTO LA CHAMIZA TIN', 750, 12, 12.5, '9.99', 0, 0, NULL, '2017-09-07 10:07:29', NULL, 1),
(19, '01011010040702010750', '33-68989817-9', '3031-53-001982-013-000750-66-101-000029', 'VINO TRIVENTO CHAMIZA BLN', 750, 12, 12.5, '9.99', 1, 0, NULL, '2017-09-07 10:07:29', NULL, 1),
(20, '01011010040817010750', '33-68989817-9', '3031-53-001984-013-000750-66-101-000037', 'VINO TRIVENTO AMADO SUR', 750, 6, 13.5, '9.99', 1, 0, NULL, '2017-09-07 10:07:29', NULL, 1),
(21, '01011010040906010750', '33-68989817-9', '3031-53-001978-013-000750-66-101-000029', 'VINO TINTO MALBEC EOLO TRIVENTO', 750, 6, 12.3, '9.99', 1, 0, NULL, '2017-09-07 10:07:29', NULL, 1),
(22, '01011010041017010750', '33-68989817-9', '3031-53-001978-013-000750-66-101-000029', 'VINO BLANCO CHARDONAY CHENIN AB ORIGINE MIXTUS TRIVENTO', 750, 12, 12.5, '9.99', 1, 0, NULL, '2017-09-07 10:07:29', NULL, 1),
(23, '01011010041017020750', '33-68989817-9', '3031-53-001978-013-000750-66-108-000029', 'VINO TINTO SHIRAZ MALBEC AB ORIGINE MIXTUS TRIVENTO', 750, 12, 12.5, '9.99', 1, 0, NULL, '2017-09-07 10:07:29', NULL, 1),
(24, '01011010060205010750', '0030527196112', '3031-53-014301-013-000750-66-101-000037', 'VINO BLANCO CHARDONNAY RUTINI', 750, 6, 13.5, '9.99', 1, 0, NULL, '2017-09-07 10:07:29', NULL, 1),
(25, '01011010060207010750', '0030527196112', '3031-53-013264-013-000750-66-101-000106', 'VINO TINTO MERLOT RUTINI', 750, 6, 13.9, '9.99', 1, 0, NULL, '2017-09-07 10:07:29', NULL, 1),
(26, '01011010060217010750', '0030527196112', '3031-53-014299-013-000750-66-101-000106', 'VINO TINTO CABERNET - MERLOT RUTINI', 750, 6, 13.9, '9.99', 1, 0, NULL, '2017-09-07 10:07:29', NULL, 1),
(27, '01011010060504010750', '0030527196112', '3031-53-000767-013-000750-66-101-000037', 'PEQUEÑA VASIJA SAUVIGN BLANC', 750, 6, 13.5, '9.99', 1, 0, NULL, '2017-09-07 10:07:29', NULL, 1),
(28, '01011010060506010750', '0030527196112', '3031-53-000767-013-000750-66-101-000037', 'PEQUEÑA VASIJA MALBEC', 750, 6, 13.5, '9.99', 1, 0, NULL, '2017-09-07 10:07:29', NULL, 1),
(29, '01011010060509010750', '0030527196112', '3031-53-000767-013-000750-66-101-000037', 'PEQUEÑA VASIJA SYRAH', 750, 6, 13.5, '9.99', 1, 0, NULL, '2017-09-07 10:07:29', NULL, 1),
(30, '01011010060517010750', '0030527196112', '3031-53-000767-013-000750-66-101-000037', 'PEQUEÑA VASIJA CAB.SAUV.SYRAH', 750, 6, 13.5, '9.99', 1, 0, NULL, '2017-09-07 10:07:29', NULL, 1),
(31, '01011010210517010750', '1111111111112', '3031-54-000148-013-000750-66-101-000046', 'VINO DOMAINE BARON ARQUES', 750, 12, 14.5, '9.99', 0, 0, NULL, '2017-09-07 10:07:29', NULL, 1),
(32, '01011010280117010750', '1111111111111', '3031-53-001982-013-000750-66-101-000033', 'VINO ARNALDO B', 750, 6, 13, '9.99', 0, 0, NULL, '2017-09-07 10:07:29', NULL, 1),
(33, '01011010280203010750', '1111111111111', '3031-53-001982-013-000750-66-101-000033', 'VINO ETCHART PRI CABERNET SAUV', 750, 6, 13, '9.99', 0, 0, NULL, '2017-09-07 10:07:29', NULL, 1),
(34, '01011010280206010750', '1111111111111', '3031-53-001982-013-000750-66-101-000033', 'VINO ETCHART PRI MALBEC', 750, 6, 13, '9.99', 0, 0, NULL, '2017-09-07 10:07:29', NULL, 1),
(35, '01011010280207010750', '1111111111111', '3031-53-001982-013-000750-66-101-000033', 'VINO ETCHART PRI MERLOT', 750, 12, 13, '9.99', 0, 0, NULL, '2017-09-07 10:07:29', NULL, 1),
(36, '01011010280216010750', '1111111111111', '3031-53-001982-013-000750-66-101-000033', 'VINO ETCHART PRI TORRONTES', 750, 6, 13, '9.99', 0, 0, NULL, '2017-09-07 10:07:29', NULL, 1),
(37, '01011010280306010750', '1111111111111', '3031-53-002195-013-000750-66-101-000037', 'VINO ETCH RIO PLATA MALBEC 750', 750, 12, 13.5, '9.99', 0, 0, NULL, '2017-09-07 10:07:29', NULL, 1),
(38, '01011010430217010750', '0P30700866013', '3031-53-013117-013-000750-66-101-000106', 'VINO TINTO ACHAVAL FERRER QUIMERA', 750, 6, 13.9, '9.99', 1, 0, NULL, '2017-09-07 10:07:29', NULL, 1),
(39, '01011010430306010750', '0P30700866013', '3031-53-013118-013-000750-66-101-000037', 'VINO TINTO ACHAVAL MALBEC FINCA ALTAMIRA', 750, 6, 13.5, '9.99', 1, 0, NULL, '2017-09-07 10:07:29', NULL, 1),
(40, '01011010430406010750', '0P30700866013', '3031-53-013119-013-000750-66-101-000037', 'VINO TINTO ACHAVAL MALBEC FINCA MIRADOR', 750, 6, 13.5, '9.99', 1, 0, NULL, '2017-09-07 10:07:29', NULL, 1),
(41, '01011010430506010750', '0P30700866013', '3031-53-013120-013-000750-66-101-000037', 'VINO TINTO ACHAVAL MALBEC MENDOZA', 750, 12, 13.5, '9.99', 1, 0, NULL, '2017-09-07 10:07:29', NULL, 1),
(42, '01011013040103010750', '1111111111113', '3031-53-013262-013-000750-66-101-000027', 'VINO TINTO CABERNET SAUVIGNON GRAN ALBARDA', 750, 12, 12, '9.99', 1, 0, NULL, '2017-09-07 10:07:29', NULL, 1),
(43, '01011013040105010750', '1111111111113', '3031-53-013261-013-000750-66-101-000027', 'VINO BLANCO CHARDONNAY GRAN ALBARDA', 750, 12, 12, '9.99', 1, 0, NULL, '2017-09-07 10:07:29', NULL, 1),
(44, '01011013040106010750', '1111111111113', '3031-53-013260-013-000750-66-101-000027', 'VINO TINTO MALBEC GRAN ALBARDA', 750, 12, 12, '9.99', 1, 0, NULL, '2017-09-07 10:07:29', NULL, 1),
(45, '01011013050106010750', '1111111111114', '3031-53-013263-013-000750-66-101-000027', 'VINO TINTO MALBEC GRAN LOMO', 750, 12, 12, '9.99', 1, 0, NULL, '2017-09-07 10:07:29', NULL, 1),
(46, '01011080010101010750', '00P9022700000', '3031-53-000402-013-000750-66-108-000033', 'VINO CASILLERO DEL DIABLO DEVILS COLLECTION TINTO', 750, 12, 13.5, '9.99', 1, 0, NULL, '2017-09-07 10:07:29', NULL, 1),
(47, '01011080010101020750', '00P9022700000', '3031-53-000402-013-000750-66-108-000037', 'VINO CASILLERO DEL DIABLO DEVILS COLLECTION BLANCO', 750, 12, 13.5, '9.99', 1, 0, NULL, '2017-09-07 10:07:29', NULL, 1),
(48, '01011080010103010375', '00P9022700000', '3031-53-000402-013-000375-66-108-000037', 'VINO CASILLERO CABERNET 1/2', 375, 24, 13.5, '9.99', 1, 0, NULL, '2017-09-07 10:07:29', NULL, 1),
(49, '01011080010103010750', '00P9022700000', '3031-53-000402-013-000750-66-108-000037', 'VINO CASILLERO CABERNET', 750, 12, 13.5, '9.99', 1, 0, NULL, '2017-09-07 10:07:29', NULL, 1),
(50, '01011080010103060750', '00P9022700000', '3031-53-000402-013-000750-66-108-000037', 'VINO TINTO CASILLERO VINTAGE', 750, 12, 13.5, '9.99', 1, 0, NULL, '2017-09-07 10:07:29', NULL, 1),
(51, '01011080010104010375', '00P9022700000', '3031-53-000402-013-000375-66-108-000037', 'VINO CASILLERO SAUVIGNON 1/2', 375, 24, 13.5, '9.99', 1, 0, NULL, '2017-09-07 10:07:29', NULL, 1),
(52, '01011080010104010750', '00P9022700000', '3031-53-000402-013-000750-66-108-000033', 'VINO CASILLERO SAUVIGNON', 750, 12, 13, '9.99', 1, 0, NULL, '2017-09-07 10:07:29', NULL, 1),
(53, '01011080010105010375', '00P9022700000', '3031-53-000402-013-000375-66-108-000037', 'VINO CASILLERO CHARDONNAY 1/2', 375, 24, 13.5, '9.99', 1, 0, NULL, '2017-09-07 10:07:29', NULL, 1),
(54, '01011080010105010750', '00P9022700000', '3031-53-000402-013-000750-66-108-000037', 'VINO CASILLERO CHARDONNAY', 750, 12, 13.5, '9.99', 1, 0, NULL, '2017-09-07 10:07:29', NULL, 1),
(55, '01011080010106010750', '00P9022700000', '3031-53-000402-013-000750-66-108-000037', 'VINO CASILLERO MALBEC', 750, 12, 13.5, '9.99', 1, 0, NULL, '2017-09-07 10:07:29', NULL, 1),
(56, '01011080010107010750', '00P9022700000', '3031-53-000402-013-000750-66-108-000037', 'VINO CASILLERO MERLOT', 750, 12, 13.5, '9.99', 1, 0, NULL, '2017-09-07 10:07:29', NULL, 1),
(57, '01011080010108010375', '00P9022700000', '3031-53-000402-013-000375-66-108-000037', 'VINO CASILLERO CARMENERE 1/2', 375, 24, 13.5, '9.99', 1, 0, NULL, '2017-09-07 10:07:29', NULL, 1),
(58, '01011080010108010750', '00P9022700000', '3031-53-000402-013-000750-66-108-000037', 'VINO CASILLERO CARMENERE', 750, 12, 13.5, '9.99', 1, 0, NULL, '2017-09-07 10:07:29', NULL, 1),
(59, '01011080010109010750', '00P9022700000', '3031-53-000402-013-000750-66-108-000037', 'VINO CASILLERO SYRA', 750, 12, 13.5, '9.99', 1, 0, NULL, '2017-09-07 10:07:29', NULL, 1),
(60, '01011080010110010750', '00P9022700000', '3031-53-000402-013-000750-66-108-000041', 'VINO CASILLERO PINO', 750, 12, 14, '9.99', 1, 0, NULL, '2017-09-07 10:07:29', NULL, 1),
(61, '01011080010203010750', '00P9022700000', '3031-53-000820-013-000750-66-108-000033', 'VINO RESERVADO CABERNET', 750, 12, 13, '9.99', 1, 0, NULL, '2017-09-07 10:07:29', NULL, 1),
(62, '01011080010204010750', '00P9022700000', '3031-53-000820-013-000750-66-108-000029', 'VINO RESERVADO SAUVIGNON BLANC', 750, 12, 12.5, '9.99', 1, 0, NULL, '2017-09-07 10:07:29', NULL, 1),
(63, '01011080010205010750', '00P9022700000', '3031-53-000820-013-000750-66-108-000033', 'VINO RESERVADO CHARDONNAY', 750, 12, 13, '9.99', 1, 0, NULL, '2017-09-07 10:07:29', NULL, 1),
(64, '01011080010207010750', '00P9022700000', '3031-53-000820-013-000750-66-108-000033', 'VINO RESERVADO MERLOT', 750, 12, 13, '9.99', 1, 0, NULL, '2017-09-07 10:07:29', NULL, 1),
(65, '01011080010213010750', '00P9022700000', '3031-53-000820-013-000750-66-108-000029', 'VINO RESERVADO ROSE', 750, 12, 12.5, '9.99', 1, 0, NULL, '2017-09-07 10:07:29', NULL, 1),
(66, '01011080010213020750', '00P9022700000', '3031-53-002260-013-000750-66-108-000027', 'VINO RESERVADO ROSE SYRAH', 750, 12, 12, '9.99', 1, 0, NULL, '2017-09-07 10:07:29', NULL, 1),
(67, '01011080010215010750', '00P9022700000', '3031-53-000540-013-000750-66-108-000029', 'VINO RESERVADO MOSCATEL SEM BL', 750, 12, 12.5, '9.99', 1, 0, NULL, '2017-09-07 10:07:29', NULL, 1),
(68, '01011080010217010750', '00P9022700000', '3031-53-000540-013-000750-66-108-000033', 'VINO RESERVADO CARMERE CAB.SUB', 750, 12, 13, '9.99', 1, 0, NULL, '2017-09-07 10:07:29', NULL, 1),
(69, '01011080010303010750', '00P9022700000', '3031-53-001246-013-000750-66-108-000046', 'VINO MARQUES CABERNET', 750, 12, 14.5, '9.99', 1, 0, NULL, '2017-09-07 10:07:29', NULL, 1),
(70, '01011080010305010750', '00P9022700000', '3031-53-001246-013-000750-66-108-000041', 'VINO MARQUES CHARDONNAY', 750, 12, 14, '9.99', 1, 0, NULL, '2017-09-07 10:07:29', NULL, 1),
(71, '01011080010307010750', '00P9022700000', '3031-53-001246-013-000750-66-108-000046', 'VINO MARQUES MERLOT', 750, 12, 14.5, '9.99', 1, 0, NULL, '2017-09-07 10:07:29', NULL, 1),
(72, '01011080010308010750', '00P9022700000', '3031-53-000540-013-000750-66-108-000046', 'VINO MARQUES CARMENERE', 750, 12, 14.5, '9.99', 1, 0, NULL, '2017-09-07 10:07:29', NULL, 1),
(73, '01011080010309010750', '00P9022700000', '3031-53-001246-013-000750-66-108-000046', 'VINO MARQUES SYRAH', 750, 12, 14.5, '9.99', 1, 0, NULL, '2017-09-07 10:07:29', NULL, 1),
(74, '01011080010401011000', '00P9022700000', '3031-53-000491-031-001000-66-108-000026', 'VINO CLOS DE PIRQUE TINTO', 1000, 12, 11.5, '9.99', 1, 0, NULL, '2017-09-07 10:07:29', NULL, 1),
(75, '01011080010401011500', '00P9022700000', '3031-53-000491-013-001500-66-108-000026', 'VINO CLOS DE PIRQUE TINTO 1.5', 1500, 8, 11.5, '9.99', 0, 0, NULL, '2017-09-07 10:07:29', NULL, 1),
(76, '01011080010402011000', '00P9022700000', '3031-53-000491-031-001000-66-108-000026', 'VINO CLOS DE PIRQUE BLANCO', 1000, 12, 11.5, '9.99', 1, 0, NULL, '2017-09-07 10:07:29', NULL, 1),
(77, '01011080010402011500', '00P9022700000', '3031-53-000491-013-001500-66-108-000026', 'VINOS CLOS DE PIRQUE BLAN 1.5', 1500, 8, 11.5, '9.99', 0, 0, NULL, '2017-09-07 10:07:29', NULL, 1),
(78, '01011080010407011000', '00P9022700000', '3031-53-000491-031-001000-66-108-000026', 'VINO CLOS DE PIRQUE MERLOT', 1000, 12, 11.5, '9.99', 1, 0, NULL, '2017-09-07 10:07:29', NULL, 1),
(79, '01011080010503010750', '00P9022700000', '3031-53-000820-013-000750-66-108-000029', 'VINO FRONTERA CABER SAUV', 750, 12, 12.5, '9.99', 1, 0, NULL, '2017-09-07 10:07:29', NULL, 1),
(80, '01011080010505010750', '00P9022700000', '3031-53-000820-013-000750-66-108-000029', 'VINO FRONTERA CHARDONNAY BL', 750, 12, 12.5, '9.99', 1, 0, NULL, '2017-09-07 10:07:29', NULL, 1),
(81, '01011080010507010750', '00P9022700000', '3031-53-000820-013-000750-66-108-000027', 'VINO TINTO FRONTERA MERLOT', 750, 12, 12, '9.99', 1, 0, NULL, '2017-09-07 10:07:29', NULL, 1),
(82, '01011080010508010750', '00P9022700000', '3031-53-000820-013-000750-66-108-000029', 'VINO FRONTERA CARMENERE TINTO', 750, 12, 12.5, '9.99', 1, 0, NULL, '2017-09-07 10:07:29', NULL, 1),
(83, '01011080010509010750', '00P9022700000', '3031-53-000820-013-000750-66-108-000029', 'VINO FRONTERA SHIRAZ', 750, 12, 12.5, '9.99', 1, 0, NULL, '2017-09-07 10:07:29', NULL, 1),
(84, '01011080010603010750', '00P9022700000', '3031-53-000540-013-000750-66-108-000046', 'VINO DON MELCHOR CAB. SAUV.', 750, 6, 14.5, '9.99', 1, 0, NULL, '2017-09-07 10:07:29', NULL, 1),
(85, '01011080010603020750', '00P9022700000', '3031-53-000540-013-000750-66-108-000029', 'VINO DON MELCHOR CAB 1987', 750, 6, 12.5, '9.99', 0, 0, NULL, '2017-09-07 10:07:29', NULL, 1),
(86, '01011080010603030750', '00P9022700000', '3031-53-000540-013-000750-66-108-000037', 'VINO DON MELCHOR CAB 1988', 750, 6, 13.5, '9.99', 0, 0, NULL, '2017-09-07 10:07:29', NULL, 1),
(87, '01011080010603040750', '00P9022700000', '3031-53-000540-013-000750-66-108-000037', 'VINO DON MELCHOR CAB 1989', 750, 6, 13.5, '9.99', 0, 0, NULL, '2017-09-07 10:07:29', NULL, 1),
(88, '01011080010603050750', '00P9022700000', '3031-53-000540-013-000750-66-108-000033', 'VINO DON MELCHOR CAB 1990', 750, 6, 13, '9.99', 0, 0, NULL, '2017-09-07 10:07:29', NULL, 1),
(89, '01011080010603060750', '00P9022700000', '3031-53-000540-013-000750-66-108-000029', 'VINO DON MELCHOR CAB 1991', 750, 6, 12.5, '9.99', 0, 0, NULL, '2017-09-07 10:07:29', NULL, 1),
(90, '01011080010603070750', '00P9022700000', '3031-53-000540-013-000750-66-108-000027', 'VINO DON MELCHOR CAB 1992', 750, 6, 12, '9.99', 0, 0, NULL, '2017-09-07 10:07:29', NULL, 1),
(91, '01011080010603080750', '00P9022700000', '3031-53-000540-013-000750-66-108-000037', 'VINO DON MELCHOR CAB 1993', 750, 6, 13.5, '9.99', 0, 0, NULL, '2017-09-07 10:07:29', NULL, 1),
(92, '01011080010603090750', '00P9022700000', '3031-53-000540-013-000750-66-108-000037', 'VINO DON MELCHOR CAB 1994', 750, 6, 13.5, '9.99', 0, 0, NULL, '2017-09-07 10:07:29', NULL, 1),
(93, '01011080010603100750', '00P9022700000', '3031-53-000540-013-000750-66-108-000033', 'VINO DON MELCHOR CAB 1995', 750, 6, 13, '9.99', 0, 0, NULL, '2017-09-07 10:07:29', NULL, 1),
(94, '01011080010603110750', '00P9022700000', '3031-53-000540-013-000750-66-108-000033', 'VINO DON MELCHOR CAB 1996', 750, 6, 13, '9.99', 0, 0, NULL, '2017-09-07 10:07:29', NULL, 1),
(95, '01011080010603120750', '00P9022700000', '3031-53-000540-013-000750-66-108-000037', 'VINO DON MELCHOR CAB 1997', 750, 6, 13.5, '9.99', 0, 0, NULL, '2017-09-07 10:07:29', NULL, 1),
(96, '01011080010603130750', '00P9022700000', '3031-53-000540-013-000750-66-108-000037', 'VINO DON MELCHOR CAB 1998', 750, 6, 13.5, '9.99', 0, 0, NULL, '2017-09-07 10:07:29', NULL, 1),
(97, '01011080010603140750', '00P9022700000', '3031-53-000540-013-000750-66-108-000037', 'VINO DON MELCHOR CAB 1999', 750, 6, 13.5, '9.99', 0, 0, NULL, '2017-09-07 10:07:29', NULL, 1),
(98, '01011080010603150750', '00P9022700000', '3031-53-000540-013-000750-66-108-000037', 'VINO DON MELCHOR CAB 2000', 750, 6, 13.5, '9.99', 0, 0, NULL, '2017-09-07 10:07:29', NULL, 1),
(99, '01011080010603160750', '00P9022700000', '3031-53-000540-013-000750-66-108-000041', 'VINO DON MELCHOR CAB 2001', 750, 6, 14, '9.99', 0, 0, NULL, '2017-09-07 10:07:29', NULL, 1),
(100, '01011080010603170750', '00P9022700000', '3031-53-000540-013-000750-66-108-000041', 'VINO DON MELCHOR CAB 2002', 750, 6, 14, '9.99', 0, 0, NULL, '2017-09-07 10:07:29', NULL, 1),
(101, '01011080010603180750', '00P9022700000', '3031-53-000540-013-000750-66-108-000046', 'VINO DON MELCHOR CAB 2003', 750, 6, 14.5, '9.99', 0, 0, NULL, '2017-09-07 10:07:29', NULL, 1),
(102, '01011080010603190750', '00P9022700000', '3031-53-000540-013-000750-66-108-000046', 'VINO DON MELCHOR CAB 2004', 750, 6, 14.5, '9.99', 0, 0, NULL, '2017-09-07 10:07:29', NULL, 1),
(103, '01011080010803010187', '00P9022700000', '3031-53-000540-013-000187-66-108-000037', 'VINO SUNRISE CAB. SAUV. (BOT)', 187, 24, 13.5, '9.99', 0, 0, NULL, '2017-09-07 10:07:29', NULL, 1),
(104, '01011080010803010375', '00P9022700000', '3031-53-000540-013-000375-66-108-000037', 'VINO SUNRISE CAB SAUV (MED)', 375, 24, 13.5, '9.99', 0, 0, NULL, '2017-09-07 10:07:29', NULL, 1),
(105, '01011080010803010750', '00P9022700000', '3031-53-000540-013-000750-66-108-000033', 'VINO SUNRISE CAB. SAUV.', 750, 12, 13, '9.99', 1, 0, NULL, '2017-09-07 10:07:29', NULL, 1),
(106, '01011080010804010187', '00P9022700000', '3031-53-000540-013-000187-66-108-000033', 'VINO SUNRISE SAUV. BLANC.(BOT)', 187, 24, 13, '9.99', 0, 0, NULL, '2017-09-07 10:07:29', NULL, 1),
(107, '01011080010804010375', '00P9022700000', '3031-53-000540-013-000375-66-108-000033', 'VINO SUNRISE SAUV. BLANC (MED)', 375, 24, 13, '9.99', 0, 0, NULL, '2017-09-07 10:07:29', NULL, 1),
(108, '01011080010804010750', '00P9022700000', '3031-53-000540-013-000750-66-108-000029', 'VINO SUNRISE SAUV. BLANC.', 750, 12, 12.5, '9.99', 1, 0, NULL, '2017-09-07 10:07:29', NULL, 1),
(109, '01011080010805010375', '00P9022700000', '3031-53-000540-013-000375-66-108-000033', 'VINO SUNRISE CHARDONNAY (MED)', 375, 24, 13, '9.99', 0, 0, NULL, '2017-09-07 10:07:29', NULL, 1),
(110, '01011080010805010750', '00P9022700000', '3031-53-000540-013-000750-66-108-000033', 'VINO SUNRISE CHARDONNAY', 750, 12, 13, '9.99', 1, 0, NULL, '2017-09-07 10:07:29', NULL, 1),
(111, '01011080010807010750', '00P9022700000', '3031-53-000540-013-000750-66-108-000037', 'VINO SUNRISE MERLOT', 750, 12, 13.5, '9.99', 1, 0, NULL, '2017-09-07 10:07:29', NULL, 1),
(112, '01011080010808010750', '00P9022700000', '3031-53-000540-013-000750-66-108-000037', 'VINO SUNRISE CARMENERE', 750, 12, 13.5, '9.99', 1, 0, NULL, '2017-09-07 10:07:29', NULL, 1),
(113, '01011080010809010750', '00P9022700000', '3031-53-000540-013-000750-66-108-000037', 'VINO SUNRISE SYRAH', 750, 12, 13.5, '9.99', 1, 0, NULL, '2017-09-07 10:07:29', NULL, 1),
(114, '01011080010810010750', '00P9022700000', '3031-53-000540-013-000750-66-108-000037', 'VINO SUNRISE PINOT NOIR', 750, 12, 13.5, '9.99', 1, 0, NULL, '2017-09-07 10:07:29', NULL, 1),
(115, '01011080010903010750', '00P9022700000', '3031-53-001924-013-000750-66-108-000046', 'VINO TERRUNYO CAB SAUV.', 750, 6, 14.5, '9.99', 0, 0, NULL, '2017-09-07 10:07:29', NULL, 1),
(116, '01011080010904010750', '00P9022700000', '3031-53-001924-013-000750-66-108-000037', 'VINO TERRUNYO SAUV. BLANC.', 750, 6, 13.5, '9.99', 0, 0, NULL, '2017-09-07 10:07:29', NULL, 1),
(117, '01011080010905010750', '00P9022700000', '3031-53-001924-013-000750-66-108-000037', 'VINO TERRUNYO CHARDONNAY', 750, 6, 13.5, '9.99', 0, 0, NULL, '2017-09-07 10:07:29', NULL, 1),
(118, '01011080010908010750', '00P9022700000', '3031-53-001924-013-000750-66-108-000046', 'VINO TERRUNYO CARMENERE', 750, 6, 14.5, '9.99', 0, 0, NULL, '2017-09-07 10:07:29', NULL, 1),
(119, '01011080010909010750', '00P9022700000', '3031-53-001924-013-000750-66-108-000046', 'VINO TERRUÑO SYRAH', 750, 6, 14.5, '9.99', 0, 0, NULL, '2017-09-07 10:07:29', NULL, 1),
(120, '01011080011003010750', '00P9022700000', '3031-53-001978-013-000750-66-108-000046', 'VINO TRIO CAB. SAUV.', 750, 12, 14.5, '9.99', 1, 0, NULL, '2017-09-07 10:07:29', NULL, 1),
(121, '01011080011005010750', '00P9022700000', '3031-53-001978-013-000750-66-108-000037', 'VINO TRIO CHARDONNAY', 750, 12, 13.5, '9.99', 1, 0, NULL, '2017-09-07 10:07:29', NULL, 1),
(122, '01011080011007010750', '00P9022700000', '3031-53-001978-013-000750-66-108-000046', 'VINO TRIO MERLOT', 750, 12, 14.5, '9.99', 1, 0, NULL, '2017-09-07 10:07:29', NULL, 1),
(123, '01011080011114010750', '00P9022700000', '3031-53-000540-013-000750-66-108-000029', 'VINO SAN BLAS AÑEJO DULCE', 750, 12, 12.5, '9.99', 1, 0, NULL, '2017-09-07 10:07:29', NULL, 1),
(124, '01011080011205010750', '00P9022700000', '3031-53-000068-013-000750-66-108-000041', 'VINO AMELIA CHARDONNAY', 750, 6, 14, '9.99', 1, 0, NULL, '2017-09-07 10:07:29', NULL, 1),
(125, '01011080011303010750', '00P9022700000', '3031-53-000057-013-000750-66-108-000046', 'VINO ALMAVIVA CAB. SAUV.', 750, 6, 14.5, '9.99', 1, 0, NULL, '2017-09-07 10:07:29', NULL, 1),
(126, '01011080011417010750', '00P9022700000', '3031-53-000540-013-000750-66-108-000049', 'VINO CARMIN DE PEUMO', 750, 6, 15, '9.99', 1, 0, NULL, '2017-09-07 10:07:29', NULL, 1),
(127, '01011080011517010750', '00P9022700000', '3031-53-000402-013-000750-66-108-000046', 'VINO CASILLERO RESERVA PRIVADA', 750, 12, 14.5, '9.99', 1, 0, NULL, '2017-09-07 10:07:29', NULL, 1),
(128, '01011080011519010375', '00P9022700000', '3031-53-000540-013-000375-66-108-000046', 'VINO LATE HARVEST', 375, 24, 14.5, '9.99', 0, 0, NULL, '2017-09-07 10:07:29', NULL, 1),
(129, '01011080011601010750', '00P9022700000', '3031-53-013070-013-000750-66-108-000029', 'VINO TINTO EXPORTACION SELECTO CABERNET SAUVIGNON CARMENERE', 750, 6, 12.5, '9.99', 1, 0, NULL, '2017-09-07 10:07:29', NULL, 1),
(130, '01011080011604010750', '00P9022700000', '3031-53-013069-013-000750-66-108-000029', 'VINO BLANCO EXPORTACION SELECTO SAUVIGNON BLANC', 750, 6, 12.5, '9.99', 1, 0, NULL, '2017-09-07 10:07:29', NULL, 1),
(131, '01011080050117010750', '082-117-400-7', '3031-53-001200-013-000750-66-108-000033', 'VINO MAIPO CARMENERE CAB.SAUV.', 750, 12, 13, '9.99', 1, 0, NULL, '2017-09-07 10:07:29', NULL, 1),
(132, '01011080050203010750', '082-117-400-7', '3031-53-001200-013-000750-66-108-000037', 'VINO MAIPO RESERVA CAB SAUVIG', 750, 12, 13.5, '9.99', 0, 0, NULL, '2017-09-07 10:07:29', NULL, 1),
(133, '01011080050204010750', '082-117-400-7', '3031-53-001200-013-000750-66-108-000037', 'VINO MAIPO RESERVA SAUVIGNON BLANC', 750, 12, 13.5, '9.99', 0, 0, NULL, '2017-09-07 10:07:29', NULL, 1),
(134, '01011080050205010750', '082-117-400-7', '3031-53-001200-013-000750-66-108-000046', 'VINO MAIPO RESERVA CHARDONNAY', 750, 12, 14.5, '9.99', 0, 0, NULL, '2017-09-07 10:07:29', NULL, 1),
(135, '01011080050207010750', '082-117-400-7', '3031-53-001200-013-000750-66-108-000037', 'VINO MAIPO RESERVA MERLOT', 750, 12, 13.5, '9.99', 0, 0, NULL, '2017-09-07 10:07:29', NULL, 1),
(136, '01011080050209010750', '082-117-400-7', '3031-53-001200-013-000750-66-108-000033', 'VINO MAIPO RESERVA SYRAH', 750, 12, 13, '9.99', 0, 0, NULL, '2017-09-07 10:07:29', NULL, 1),
(137, '01011080050302010750', '082-117-400-7', '3031-53-001200-013-000750-66-108-000029', 'VINO MAIPO GRAN VINO BLANCO', 750, 12, 12.5, '9.99', 1, 0, NULL, '2017-09-07 10:07:29', NULL, 1),
(138, '01011080050303010750', '082-117-400-7', '3031-53-001200-013-000750-66-108-000033', 'VINO MAIPO VARIETAL CAB SAU.', 750, 12, 13, '9.99', 1, 0, NULL, '2017-09-07 10:07:29', NULL, 1),
(139, '01011080050304010750', '082-117-400-7', '3031-53-001200-013-000750-66-108-000029', 'VINO MAIPO VARIETAL SAUV BLANC', 750, 12, 12.5, '9.99', 0, 0, NULL, '2017-09-07 10:07:29', NULL, 1),
(140, '01011080050307010750', '082-117-400-7', '3031-53-001200-013-000750-66-108-000033', 'VINO MAIPO VARIETAL MERLOT', 750, 12, 13, '9.99', 1, 0, NULL, '2017-09-07 10:07:29', NULL, 1),
(141, '01011080050317010750', '082-117-400-7', '3031-53-001200-013-000750-66-108-000029', 'VINO MAIPO CABER SAUV', 750, 12, 12.5, '9.99', 0, 0, NULL, '2017-09-07 10:07:29', NULL, 1),
(142, '01011080050409010750', '082-117-400-7', '3031-53-001200-013-000750-66-108-000033', 'VINO MAIPO LIMITED EDITION SYRAH', 750, 6, 13, '9.99', 0, 0, NULL, '2017-09-07 10:07:29', NULL, 1),
(143, '01011080050504010750', '082-117-400-7', '3031-53-001200-013-000750-66-108-000033', 'VINO MAIPO GRAN DEVOCION SAUVIGNON BLANC', 750, 6, 13, '9.99', 0, 0, NULL, '2017-09-07 10:07:29', NULL, 1),
(144, '01011080050517010750', '082-117-400-7', '3031-53-001200-013-000750-66-108-000033', 'VINO MAIPO GRAN DEVOCION CARM-SYR', 750, 6, 13, '9.99', 0, 0, NULL, '2017-09-07 10:07:29', NULL, 1),
(145, '01011080050517020750', '082-117-400-7', '3031-53-001200-013-000750-66-108-000033', 'VINO MAIPO GRAN DEVOCION CABERNET / SYRAH', 750, 6, 13, '9.99', 0, 0, NULL, '2017-09-07 10:07:29', NULL, 1),
(146, '01011080050703010750', '082-117-400-7', '3031-53-009781-013-000750-66-108-000037', 'VINO MAIPO VITRAL CAB SAUV', 750, 12, 13.5, '9.99', 1, 0, NULL, '2017-09-07 10:07:29', NULL, 1),
(147, '01011080050704010750', '082-117-400-7', '3031-53-009784-013-000750-66-108-000033', 'VINO MAIPO VITRAL SAUV BLANC', 750, 12, 13, '9.99', 1, 0, NULL, '2017-09-07 10:07:29', NULL, 1),
(148, '01011080050705010750', '082-117-400-7', '3031-53-009782-013-000750-66-108-000037', 'VINO MAIPO VITRAL CHARD', 750, 12, 13.5, '9.99', 1, 0, NULL, '2017-09-07 10:07:29', NULL, 1),
(149, '01011080050707010750', '082-117-400-7', '3031-53-009783-013-000750-66-108-000037', 'VINO MAIPO VITRAL MERLOT', 750, 12, 13.5, '9.99', 1, 0, NULL, '2017-09-07 10:07:29', NULL, 1),
(150, '01011080050709010750', '082-117-400-7', '3031-53-009785-013-000750-66-108-000037', 'VINO MAIPO VITRAL RED BLEND', 750, 12, 13.5, '9.99', 1, 0, NULL, '2017-09-07 10:07:29', NULL, 1),
(151, '01011080050803010750', '082-117-400-7', '3031-53-009780-013-000750-66-108-000046', 'VINO MAIPO PROTEGIDO CAB SAUV', 750, 6, 14.5, '9.99', 0, 0, NULL, '2017-09-07 10:07:29', NULL, 1),
(152, '01011080050917010750', '082-117-400-7', '3031-53-009779-013-000750-66-108-000046', 'VINO MAIPO ALTO TAJAMAR', 750, 6, 14.5, '9.99', 0, 0, NULL, '2017-09-07 10:07:29', NULL, 1),
(153, '01011080060117010750', '0030527196112', '3031-53-000767-013-000750-66-108-000037', 'VINO FELIPE RUTINI', 750, 6, 13.5, '9.99', 1, 0, NULL, '2017-09-07 10:07:29', NULL, 1),
(154, '01011080060206010750', '0030527196112', '3031-53-000522-013-000750-66-108-000033', 'VINO RUTINI COL. MALBEC', 750, 6, 13, '9.99', 1, 0, NULL, '2017-09-07 10:07:29', NULL, 1),
(155, '01011080060217010750', '0030527196112', '3031-53-000522-013-000750-66-108-000033', 'VINO RUTINI COL. CAB/MALB', 750, 6, 13, '9.99', 1, 0, NULL, '2017-09-07 10:07:29', NULL, 1),
(156, '01011080060305010750', '0030527196112', '3031-53-000767-013-000750-66-108-000037', 'VINO SAN FELIPE CHARDONNAY', 750, 6, 13.5, '9.99', 1, 0, NULL, '2017-09-07 10:07:29', NULL, 1),
(157, '01011080060306010750', '0030527196112', '3031-53-000767-013-000750-66-108-000037', 'VINO SAN FELIPE MALBEC', 750, 6, 13.5, '9.99', 1, 0, NULL, '2017-09-07 10:07:29', NULL, 1),
(158, '01011080060405010750', '0030527196112', '3031-53-002003-013-000750-66-108-000037', 'VINO TRUMPETER CHARDONNAY', 750, 6, 13.5, '9.99', 1, 0, NULL, '2017-09-07 10:07:29', NULL, 1),
(159, '01011080060406010750', '0030527196112', '3031-53-002004-013-000750-66-108-000037', 'VINO TRUMPETER MALBEC', 750, 6, 13.5, '9.99', 1, 0, NULL, '2017-09-07 10:07:29', NULL, 1),
(160, '01011080060417010750', '0030527196112', '3031-53-002004-013-000750-66-108-000037', 'VINO TRUMPETER MALBEC SYRAH', 750, 6, 13.5, '9.99', 1, 0, NULL, '2017-09-07 10:07:29', NULL, 1),
(161, '01012020080321010750', '9999999999993', '3031-57-013130-013-000750-66-202-000133', 'VINO DESALCOHOLIZADO HENKELL', 750, 6, 0.5, '9.99', 1, 0, NULL, '2017-09-07 10:07:29', NULL, 1),
(162, '01012090100117010750', '1111111111115', '3031-53-001357-013-000750-66-209-000037', 'VINO MUGA FERMENTADO EN BARRIC', 750, 6, 13.5, '9.99', 1, 0, NULL, '2017-09-07 10:07:29', NULL, 1),
(163, '01012090100217010750', '1111111111115', '3031-53-001357-013-000750-66-209-000037', 'VINO MUGA GRAN RES PRADO ENEA', 750, 6, 13.5, '9.99', 1, 0, NULL, '2017-09-07 10:07:29', NULL, 1),
(164, '01012090100317010750', '1111111111115', '3031-53-001357-013-000750-66-209-000033', 'VINO MUGA RESERVA COSECHA', 750, 6, 13, '9.99', 1, 0, NULL, '2017-09-07 10:07:29', NULL, 1),
(165, '01012090100317020750', '1111111111115', '3031-53-001357-013-000750-66-209-000037', 'VINO MUGA RESERVA SELECCIN ES', 750, 6, 13.5, '9.99', 1, 0, NULL, '2017-09-07 10:07:29', NULL, 1),
(166, '01012090100417010750', '1111111111115', '3031-53-001357-013-000750-66-209-000041', 'VINO MUGA TORRE', 750, 6, 14, '9.99', 1, 0, NULL, '2017-09-07 10:07:29', NULL, 1),
(167, '01012090550111010750', '1111111111116', '3031-53-000191-013-000750-66-209-000041', 'VINO BERONIA TEMPRANILLO', 750, 6, 14, '9.99', 1, 0, NULL, '2017-09-07 10:07:29', NULL, 1),
(168, '01012090550211010750', '1111111111116', '3031-53-000190-013-000750-66-209-000041', 'VINO BERONIA RESERVA', 750, 12, 14, '9.99', 1, 0, NULL, '2017-09-07 10:07:29', NULL, 1),
(169, '01012090550402010750', '1111111111116', '3031-53-000186-013-000750-66-209-000037', 'VINO BERONIA BLANCO', 750, 12, 13.5, '9.99', 1, 0, NULL, '2017-09-07 10:07:29', NULL, 1),
(170, '01012090550411010750', '1111111111116', '3031-53-000187-013-000750-66-209-000037', 'VINO BERONIA CRIANZA', 750, 12, 13.5, '9.99', 1, 0, NULL, '2017-09-07 10:07:29', NULL, 1),
(171, '01012130150103010750', '1111111111117', '3031-53-001030-013-000750-66-213-000037', 'VINO J CREEK CABERNET SAUVIGNO', 750, 12, 13.5, '9.99', 0, 0, NULL, '2017-09-07 10:07:29', NULL, 1),
(172, '01012130150105010750', '1111111111117', '3031-53-001031-013-000750-66-213-000033', 'VINO J CREEK CHARDONNAY', 750, 12, 13, '9.99', 0, 0, NULL, '2017-09-07 10:07:29', NULL, 1),
(173, '01012130150107010750', '1111111111117', '3031-53-001032-013-000750-66-213-000037', 'VINO J CREEK MERLOT', 750, 12, 13.5, '9.99', 0, 0, NULL, '2017-09-07 10:07:29', NULL, 1),
(174, '01012130150109010750', '1111111111117', '3031-53-001034-013-000750-66-213-000037', 'VINO J CREEK SHIRAZ', 750, 12, 13.5, '9.99', 0, 0, NULL, '2017-09-07 10:07:29', NULL, 1),
(175, '01012130150117010750', '1111111111117', '3031-53-001035-013-000750-66-213-000037', 'VINO J CREEK SHIRAZ CABERNET', 750, 12, 13.5, '9.99', 0, 0, NULL, '2017-09-07 10:07:29', NULL, 1),
(176, '01012130150209010750', '1111111111117', '3031-53-001034-013-000750-66-213-000037', 'VINO J CREEK RESERVE SHIRAZ', 750, 12, 13.5, '9.99', 0, 0, NULL, '2017-09-07 10:07:29', NULL, 1),
(177, '01021010040501010750', '33-68989817-9', '3031-53-001982-013-000750-66-101-000029', 'CHAMPAGEN BRUT TRIVENTO', 750, 6, 12.5, '9.99', 0, 0, NULL, '2017-09-07 10:07:29', NULL, 1),
(178, '01021010040502010750', '33-68989817-9', '3031-53-001982-013-000750-66-101-000029', 'CHAMPAGEN DEMI SEC TRIVENTO', 750, 6, 12.5, '9.99', 0, 0, NULL, '2017-09-07 10:07:29', NULL, 1),
(179, '01021010040504010750', '33-68989817-9', '3031-53-001982-013-000750-66-101-000029', 'CHAMPAGNE BRUT NATURE TRIV', 750, 6, 12.5, '9.99', 0, 0, NULL, '2017-09-07 10:07:29', NULL, 1),
(180, '01021010300101010750', '1111111111118', '3031-53-001360-013-000750-66-101-000027', 'VINO ESPUMANTE MUMM BRUT BLANC', 750, 6, 12, '9.99', 0, 0, NULL, '2017-09-07 10:07:29', NULL, 1),
(181, '01021010300102010750', '1111111111118', '3031-53-001360-013-000750-66-101-000027', 'VINO ESPUMANTE MUMM DEMI SEC', 750, 6, 12, '9.99', 0, 0, NULL, '2017-09-07 10:07:29', NULL, 1),
(182, '01021010300103010750', '1111111111118', '3031-53-001360-013-000750-66-101-000027', 'VINO ESPUMANTE MUMM ROSE', 750, 6, 12, '9.99', 0, 0, NULL, '2017-09-07 10:07:29', NULL, 1),
(183, '01021010300201010750', '1111111111118', '3031-53-001359-013-000750-66-101-000027', 'CHAMPAGNE MUMM CORDON ROUGE', 750, 6, 12, '9.99', 1, 0, NULL, '2017-09-07 10:07:29', NULL, 1),
(184, '01021080010701010750', '00P9022700000', '3031-56-000437-013-000750-66-108-000027', 'CHAMPAGNE CONCHA Y TORO BRUT', 750, 12, 12, '9.99', 0, 0, NULL, '2017-09-07 10:07:29', NULL, 1),
(185, '01021080010701030750', '00P9022700000', '3031-56-000437-013-000750-66-108-000027', 'CHAMPAGNE CONCHA Y TORO BRUT CAJA6', 750, 6, 12, '9.99', 1, 0, NULL, '2017-09-07 10:07:29', NULL, 1),
(186, '01021080010702010750', '00P9022700000', '3031-56-000437-013-000750-66-108-000027', 'CHAMPAGNE C Y T DEMISEC', 750, 12, 12, '9.99', 0, 0, NULL, '2017-09-07 10:07:29', NULL, 1),
(187, '01021080010702020750', '00P9022700000', '3031-56-000437-013-000750-66-108-000027', 'CHAMPAGNE C Y T DEMISEC CAJA6', 750, 6, 12, '9.99', 1, 0, NULL, '2017-09-07 10:07:29', NULL, 1),
(188, '01022020080101010200', '9999999999993', '3031-53-000975-013-000200-66-202-000026', 'CHAMPAGNE HENKELL PICCOLO DRY', 200, 24, 11.5, '9.99', 1, 0, NULL, '2017-09-07 10:07:29', NULL, 1),
(189, '01022020080101010375', '9999999999993', '3031-53-000975-013-000375-66-202-000026', 'CHAMPAGNE HENKELL MEDIAS', 375, 12, 11.5, '9.99', 1, 0, NULL, '2017-09-07 10:07:29', NULL, 1),
(190, '01022020080101010750', '9999999999993', '3031-53-000975-013-000750-66-202-000026', 'CHAMPAGNE HENKELL TROKEN DRY', 750, 6, 11.5, '9.99', 1, 0, NULL, '2017-09-07 10:07:29', NULL, 1),
(191, '01022020080101020750', '9999999999993', '3031-53-000975-013-000750-66-202-000026', 'CHAMPAGNE HENKELL BRUT VINTAGE', 750, 12, 11.5, '9.99', 1, 0, NULL, '2017-09-07 10:07:29', NULL, 1),
(192, '01022020080101030750', '9999999999993', '3031-53-000975-013-000750-66-202-000027', 'CHAMPAGNE HENKELL BLANC DE BLA', 750, 6, 12, '9.99', 1, 0, NULL, '2017-09-07 10:07:29', NULL, 1),
(193, '01022020080101046000', '9999999999993', '3031-53-000975-013-006000-66-202-000026', 'CHAMPAGNE HENKELL TROKEN DRY 6000ML', 6000, 1, 11.5, '10.99', 1, 0, NULL, '2017-09-07 10:07:29', NULL, 1),
(194, '01022020080101053000', '9999999999993', '3031-53-000975-013-003000-66-202-000026', 'CHAMPAGNE HENKELL TROKEN DRY 3000ML', 3000, 1, 11.5, '10.99', 1, 0, NULL, '2017-09-07 10:07:29', NULL, 1),
(195, '01022020080101061500', '9999999999993', '3031-53-000975-013-001500-66-202-000026', 'CHAMPAGNE HENKELL TROKEN DRY 1500ML', 1500, 3, 11.5, '9.99', 1, 0, NULL, '2017-09-07 10:07:29', NULL, 1),
(196, '01022020080103010750', '9999999999993', '3031-56-011549-013-000750-66-202-000027', 'CHAMPAGNE HENKELL ROSE', 750, 6, 12, '9.99', 1, 0, NULL, '2017-09-07 10:07:29', NULL, 1),
(197, '01022093100102020750', '1111111111120', '3031-56-019374-013-000750-66-209-000026', 'VINO ESPUMOSO DEMI SEC RESERVA CAVA VILARNAU BARCELONA', 750, 6, 11.5, '9.99', 1, 0, NULL, '2017-09-07 10:07:29', NULL, 1),
(198, '01022093100201010750', '1111111111120', '3031-56-019375-013-000750-66-209-000026', 'VINO ESPUMOSO BRUT RESERVA CAVA VILARNAU BARCELONA', 750, 6, 11.5, '9.99', 1, 0, NULL, '2017-09-07 10:07:29', NULL, 1),
(199, '01022093120102010750', '1111111111121', '3031-56-019378-013-000750-66-209-000026', 'VINO ESPUMOSO DEMI SEC CAVA DOM POTIER', 750, 6, 11.5, '9.99', 1, 0, NULL, '2017-09-07 10:07:29', NULL, 1),
(200, '01022093120201020750', '1111111111121', '3031-56-019377-013-000750-66-209-000026', 'VINO ESPUMOSO BRUT CAVA DOM POTIER', 750, 6, 11.5, '9.99', 1, 0, NULL, '2017-09-07 10:07:29', NULL, 1),
(201, '01022110250102010750', '1111111111122', '3031-53-001461-013-000750-66-211-000029', 'CHAMPAGNE TAITTINGER DEMI-SEC', 750, 12, 12.5, '9.99', 0, 0, NULL, '2017-09-07 10:07:29', NULL, 1),
(202, '01022130290101010750', '1111111111123', '3031-53-001462-013-000750-66-213-000027', 'CHAMP PERRI JOUET BELLE EPOQUE', 750, 6, 12, '9.99', 1, 0, NULL, '2017-09-07 10:07:29', NULL, 1),
(203, '01022130290201010750', '1111111111123', '3031-53-001462-013-000750-66-213-000027', 'CHAMPAGNE PERRIER JOUET', 750, 6, 12, '9.99', 1, 0, NULL, '2017-09-07 10:07:29', NULL, 1),
(204, '01022130290201020750', '1111111111123', '3031-53-001463-013-000750-66-213-000027', 'CHAMP PERRIER JOUET GRAND BRUT', 750, 6, 12, '9.99', 1, 0, NULL, '2017-09-07 10:07:29', NULL, 1),
(205, '01022190080206010200', '9999999999993', '3031-56-011550-013-000200-66-219-000024', 'VINO ESPUMANTE MIONETTO BLANCO 200', 200, 24, 11, '9.99', 1, 0, NULL, '2017-09-07 10:07:29', NULL, 1),
(206, '01022190080206010750', '9999999999993', '3031-56-011550-013-000750-66-219-000024', 'VINO ESPUMANTE MIONETTO BLANCO 750', 750, 12, 11, '9.99', 1, 0, NULL, '2017-09-07 10:07:29', NULL, 1),
(207, '01022190080206011500', '9999999999993', '3031-56-011550-013-001500-66-219-000024', 'VINO ESPUMANTE MIONETTO BLANCO 1500', 1500, 6, 11, '9.99', 1, 0, NULL, '2017-09-07 10:07:29', NULL, 1),
(208, '01032090190105010750', '1111111111124', '3031-53-000706-013-000750-66-209-000057', 'JEREZ DRY SACK MEDIUM', 750, 12, 20, '9.99', 0, 0, NULL, '2017-09-07 10:07:29', NULL, 1),
(209, '01032090190106010750', '1111111111124', '3031-53-000706-013-000750-66-209-000052', 'JEREZ DRY SACK FINO', 750, 12, 17, '9.99', 0, 0, NULL, '2017-09-07 10:07:29', NULL, 1),
(210, '01032240140103010750', '1111111111125', '3031-53-001490-013-000750-66-224-000057', 'OPORTO BARROS LBV 2005', 750, 12, 20, '9.99', 0, 0, NULL, '2017-09-07 10:07:29', NULL, 1),
(211, '01032240140201010750', '1111111111125', '3031-53-001490-013-000750-66-224-000057', 'OPORTO RUBY BARROS', 750, 12, 20, '9.99', 1, 0, NULL, '2017-09-07 10:07:29', NULL, 1),
(212, '01032240140302010750', '1111111111125', '3031-53-001490-013-000750-66-224-000057', 'OPORTO BARROS EXTRA DRY WHITE', 750, 12, 20, '9.99', 0, 0, NULL, '2017-09-07 10:07:29', NULL, 1),
(213, '01032240140404010750', '1111111111125', '3031-53-001490-013-000750-66-224-000057', 'OPORTO BARROS TAWNY', 750, 12, 20, '9.99', 0, 0, NULL, '2017-09-07 10:07:29', NULL, 1),
(214, '01042093110101010750', '1111111111126', '3031-53-019376-013-000750-66-209-000049', 'VINO DE JEREZ XERES SHERRY FINO MUY SECO PALOMINIO FINO TIO PEPE', 750, 12, 15, '9.99', 1, 0, NULL, '2017-09-07 10:07:29', NULL, 1),
(215, '02012130020102010750', '1111111111127', '3031-18-000466-013-000750-66-213-000077', 'CHIVAS REGAL 18 AÑOS GIFT PACK', 750, 6, 40, '9.99', 1, 0, NULL, '2017-09-07 10:07:29', NULL, 1),
(216, '02012130020103010375', '1111111111127', '3031-18-000466-013-000375-66-213-000077', 'WHISKY CHIVAS MED 12 A', 375, 12, 40, '9.99', 0, 1, NULL, '2017-09-07 10:07:29', NULL, 1),
(217, '02012130020103010750', '1111111111127', '3031-18-000466-013-000750-66-213-000077', 'WHISKY CHIVAS REGAL 12 AÑOS', 750, 12, 40, '9.99', 1, 1, NULL, '2017-09-07 10:07:29', NULL, 1),
(218, '02012130020103011000', '1111111111127', '3031-18-000466-013-000750-66-213-000077', 'WHISKY CHIVAS 12 AÑOS LITRO', 750, 12, 40, '9.99', 1, 1, NULL, '2017-09-07 10:07:29', NULL, 1),
(219, '02012130020103020750', '1111111111127', '3031-18-000466-013-000750-66-213-000077', 'WHISKY CHIVAS 12 AÑOS TIN BOX', 750, 12, 40, '9.99', 1, 1, NULL, '2017-09-07 10:07:29', NULL, 1),
(220, '02012130020103040750', '1111111111127', '3031-18-000466-013-000750-66-213-000077', 'WHISKY CHIVAS 12 AÑOS TIN BOX - CAJA 6', 750, 6, 40, '9.99', 1, 1, NULL, '2017-09-07 10:07:29', NULL, 1),
(221, '02012130020104010750', '1111111111127', '3031-18-000466-013-000750-66-213-000077', 'WHISKY CHIVAS 18 AÑOS', 750, 6, 40, '9.99', 1, 1, NULL, '2017-09-07 10:07:29', NULL, 1),
(222, '02012130020105010700', '1111111111127', '3031-18-000466-013-000700-66-213-000077', 'WHISKY CHIVAS REGAL 25Y-700', 700, 3, 40, '9.99', 1, 1, NULL, '2017-09-07 10:07:29', NULL, 1),
(223, '02012130020199010750', '1111111111127', '3031-18-000466-013-000750-66-202-000077', 'WHISKY CHIVAS 12 AÑOS CAMINERA', 750, 12, 40, '9.99', 1, 1, NULL, '2017-09-07 10:07:29', NULL, 1),
(224, '02012130020202010750', '1111111111127', '3031-18-002474-013-000750-66-213-000077', 'WHISKY SOMETHING SPECIAL', 750, 12, 40, '9.99', 1, 1, NULL, '2017-09-07 10:07:29', NULL, 1),
(225, '02012130020202011000', '1111111111127', '3031-18-002474-013-001000-66-213-000077', 'WHISKY SOMETHING LITRO', 1000, 12, 40, '9.99', 0, 1, NULL, '2017-09-07 10:07:29', NULL, 1),
(226, '02012130020203010750', '1111111111127', '3031-18-002474-013-000750-66-213-000077', 'WHISKY SOMETHING 15 AÑOS', 750, 6, 40, '9.99', 0, 1, NULL, '2017-09-07 10:07:29', NULL, 1),
(227, '02012130020302010750', '1111111111127', '3031-18-000113-013-000750-66-213-000077', 'WHISKY BALLANTINES FINEST', 750, 12, 40, '9.99', 1, 1, NULL, '2017-09-07 10:07:29', NULL, 1),
(228, '02012130020302011000', '1111111111127', '3031-18-000113-013-000750-66-213-000077', 'WHISKY BALLANTINES FINEST LT', 750, 12, 40, '9.99', 0, 1, NULL, '2017-09-07 10:07:29', NULL, 1),
(229, '02012130020302020750', '1111111111127', '3031-18-000114-013-000750-66-213-000077', 'WHISKY BALLANTINES TIN BOX', 750, 6, 40, '9.99', 1, 1, NULL, '2017-09-07 10:07:29', NULL, 1),
(230, '02012130020302030750', '1111111111127', '3031-18-000466-013-000750-66-213-000077', 'WHISKY BALLANTINES FINEST ZIP PACK', 750, 6, 40, '9.99', 1, 1, NULL, '2017-09-07 10:07:29', NULL, 1),
(231, '02012130020302040750', '1111111111127', '3031-18-000113-013-000750-66-213-000077', 'WHISKY BALLANTINES FINEST CAJA6', 750, 6, 40, '9.99', 1, 1, NULL, '2017-09-07 10:07:29', NULL, 1),
(232, '02012130020302050187', '1111111111127', '3031-18-000113-013-000200-66-213-000077', 'WHISKY BALLANTINES BOTELLIN', 200, 48, 40, '9.99', 0, 1, NULL, '2017-09-07 10:07:29', NULL, 1),
(233, '02012130020303010750', '1111111111127', '3031-18-000109-013-000750-66-213-000077', 'WHISKY BALLANTINES 12 AÑOS', 750, 12, 40, '9.99', 0, 1, NULL, '2017-09-07 10:07:29', NULL, 1),
(234, '02012130020303011000', '1111111111127', '3031-18-000113-013-001000-66-213-000080', 'WHISKY BALLANTINES LITRO 12YO', 1000, 12, 43, '9.99', 0, 1, NULL, '2017-09-07 10:07:29', NULL, 1),
(235, '02012130020303040750', '1111111111127', '3031-18-000466-013-000750-66-213-000077', 'WHISKY BALLANTINES 12YO GIFT PACK', 750, 6, 40, '9.99', 0, 1, NULL, '2017-09-07 10:07:29', NULL, 1),
(236, '02012130020304010750', '1111111111127', '3031-18-000110-013-000750-66-213-000080', 'WHISKY BALLANTINES 17 AÑOS', 750, 12, 43, '9.99', 0, 1, NULL, '2017-09-07 10:07:29', NULL, 1),
(237, '02012130020304020750', '1111111111127', '3031-18-000111-013-000750-66-213-000080', 'WHISKY BALLANTINES 21 AÑOS', 750, 12, 43, '9.99', 0, 1, NULL, '2017-09-07 10:07:29', NULL, 1),
(238, '02012130020305010750', '1111111111127', '3031-18-000112-013-000750-66-213-000080', 'WHISKY BALLANTINES 30 AÑOS', 750, 6, 43, '9.99', 0, 1, NULL, '2017-09-07 10:07:29', NULL, 1),
(239, '02012130020404010750', '1111111111127', '3031-18-000466-013-000700-66-213-000077', 'WHISKY ROYAL SALUTE 21AÑOS', 700, 6, 40, '9.99', 0, 1, NULL, '2017-09-07 10:07:29', NULL, 1),
(240, '02012130020503010750', '1111111111127', '3031-18-000466-013-000750-66-213-000077', 'WHISKY THE GLENLIVET 12YO CAJA 6', 750, 6, 40, '9.99', 0, 1, NULL, '2017-09-07 10:07:29', NULL, 1),
(241, '02012130020503020750', '1111111111127', '3031-18-000466-013-000750-66-213-000077', 'WHISKY THE GLENLIVET 15AÑOS', 750, 6, 40, '9.99', 0, 1, NULL, '2017-09-07 10:07:29', NULL, 1),
(242, '02012130020503030750', '1111111111127', '3031-18-002451-013-000750-66-213-000077', 'WHISKY THE GLENLIVET 12YO CAJA12', 750, 12, 40, '9.99', 0, 1, NULL, '2017-09-07 10:07:29', NULL, 1),
(243, '02012130020504010750', '1111111111127', '3031-18-002452-013-000700-66-213-000080', 'WHISKY GLENLIVET 18YO', 700, 6, 43, '9.99', 0, 1, NULL, '2017-09-07 10:07:29', NULL, 1),
(244, '02012130020701010750', '1111111111127', '3031-18-000466-013-000750-66-213-000077', 'WHISKY 100 PIPPERS', 750, 12, 40, '9.99', 0, 1, NULL, '2017-09-07 10:07:29', NULL, 1),
(245, '02012130020801010750', '1111111111127', '3031-18-002469-013-000750-66-213-000080', 'WHISKY PRINCE CHARLIE', 750, 12, 43, '9.99', 0, 1, NULL, '2017-09-07 10:07:29', NULL, 1),
(246, '02012130170101010750', '096.777.350-6', '3031-18-000466-013-000750-66-213-000077', 'WHISKY BLENDERS PRIDE', 750, 6, 40, '9.99', 0, 1, NULL, '2017-09-07 10:07:29', NULL, 1),
(247, '02012130170302010750', '096.777.350-6', '3031-18-000466-013-000750-66-213-000080', 'WHISKY PASSPORT SCOTCH', 750, 12, 43, '9.99', 0, 1, NULL, '2017-09-07 10:07:29', NULL, 1),
(248, '02012130170402010750', '1111111111127', '3031-18-000466-013-000750-66-213-000077', 'WHISKY JAMESON', 750, 12, 40, '9.99', 0, 1, NULL, '2017-09-07 10:07:29', NULL, 1),
(249, '02012130270103010750', '1111111111129', '3031-18-000466-013-000750-66-213-000080', 'WHISKY BELLS (12 AÑOS)', 750, 12, 43, '9.99', 0, 1, NULL, '2017-09-07 10:07:29', NULL, 1),
(250, '02021070070101010750', '1111111111130', '3031-13-000970-013-000750-66-107-000077', 'RON HAVANA CLUB 7 AÑOS', 750, 12, 40, '9.99', 1, 0, NULL, '2017-09-07 10:07:29', NULL, 1),
(251, '02021070070201010750', '1111111111130', '3031-11-000969-013-000750-66-107-000077', 'RON HAVANA AÑEJO RESERVA', 750, 12, 40, '9.99', 1, 0, NULL, '2017-09-07 10:07:29', NULL, 1),
(252, '02021070070202010750', '1111111111130', '3031-13-000971-013-000750-66-107-000077', 'RON HAVANA CLUB AÑEJO ESPECIAL', 750, 12, 40, '9.99', 1, 0, NULL, '2017-09-07 10:07:29', NULL, 1),
(253, '02021070070203010750', '1111111111130', '3031-12-000972-013-000750-66-107-000077', 'RON HAVANA CLUB AÑEJO BLANCO', 750, 12, 40, '9.99', 1, 0, NULL, '2017-09-07 10:07:29', NULL, 1),
(254, '02021070070204010750', '1111111111130', '3031-11-000754-013-000750-66-107-000077', 'RON HAVANA CLUB AÑEJO 3 AÑOS', 750, 12, 40, '9.99', 1, 0, NULL, '2017-09-07 10:07:29', NULL, 1),
(255, '02021070170204010750', '096.777.350-6', '3031-11-001618-013-000750-66-107-000058', 'RON MALIBU', 750, 12, 21, '9.99', 0, 0, NULL, '2017-09-07 10:07:29', NULL, 1),
(256, '02021200220204010750', '1111111111131', '3031-11-000695-013-000750-66-120-000077', 'RON EL DORADO LIMON', 750, 12, 40, '9.99', 0, 0, NULL, '2017-09-07 10:07:29', NULL, 1),
(257, '02021210220102010375', '1111111111131', '3031-11-000695-013-000375-66-121-000077', 'RON DON Q ORO (MEDIAS)', 375, 24, 40, '9.99', 0, 0, NULL, '2017-09-07 10:07:29', NULL, 1),
(258, '02021210220102010750', '1111111111131', '3031-11-000695-013-000750-66-121-000077', 'RON DON Q ORO', 750, 12, 40, '9.99', 0, 0, NULL, '2017-09-07 10:07:29', NULL, 1),
(259, '02021210220102011750', '1111111111131', '3031-11-000695-013-001750-66-121-000077', 'RON DON Q ORO (GARRAFA)', 1750, 6, 40, '9.99', 0, 0, NULL, '2017-09-07 10:07:29', NULL, 1),
(260, '02021210220103010375', '1111111111131', '3031-11-000695-013-000375-66-121-000077', 'RON DON Q BLANCO (MEDIAS)', 375, 24, 40, '9.99', 0, 0, NULL, '2017-09-07 10:07:29', NULL, 1),
(261, '02021210220103010750', '1111111111131', '3031-11-000695-013-000750-66-121-000077', 'RON DON Q BLANCO', 750, 12, 40, '9.99', 0, 0, NULL, '2017-09-07 10:07:29', NULL, 1),
(262, '02021210220103011750', '1111111111131', '3031-11-000695-013-001750-66-121-000077', 'RON DON Q BLANCO (GARRAFA)', 1750, 6, 40, '9.99', 0, 0, NULL, '2017-09-07 10:07:29', NULL, 1),
(263, '02021210220104010750', '1111111111131', '3031-11-000695-013-000750-66-121-000068', 'RON DON Q LIMN', 750, 12, 30, '9.99', 0, 0, NULL, '2017-09-07 10:07:29', NULL, 1),
(264, '02032130260101010750', '1111111111132', '3031-15-001887-013-000750-66-213-000077', 'VODKA TANQUERAY', 750, 12, 40, '9.99', 0, 0, NULL, '2017-09-07 10:07:29', NULL, 1),
(265, '02032260030101010187', '1111111111133', '3031-15-002397-013-000050-66-226-000077', 'VODKA BOTELLIN ABSOLUT', 50, 120, 40, '9.99', 0, 0, NULL, '2017-09-07 10:07:29', NULL, 1),
(266, '02032260030101010750', '1111111111133', '3031-15-002397-013-000750-66-226-000077', 'VODKA ABSOLUT', 750, 12, 40, '9.99', 1, 0, NULL, '2017-09-07 10:07:29', NULL, 1);
INSERT INTO `producto` (`id_producto`, `cod_contable`, `identificacion_proveedor`, `cod_ice`, `nombre`, `capacidad_ml`, `cantidad_x_caja`, `grado_alcoholico`, `costo_unidad`, `estado`, `custodia_doble`, `comentarios`, `date_create`, `last_update`, `id_user`) VALUES
(267, '02032260030101020750', '1111111111133', '3031-15-002397-013-000750-66-226-000077', 'VODKA ABSOLUT AOS', 750, 6, 40, '9.99', 0, 0, NULL, '2017-09-07 10:07:29', NULL, 1),
(268, '02032260030302010750', '1111111111133', '3031-57-002398-013-000750-66-226-000077', 'VODKA ABSOLUT CITRON', 750, 12, 40, '9.99', 0, 0, NULL, '2017-09-07 10:07:29', NULL, 1),
(269, '02032260030302020750', '1111111111133', '3031-57-002399-013-000750-66-226-000077', 'VODKA ABSOLUT KURANT', 750, 12, 40, '9.99', 0, 0, NULL, '2017-09-07 10:07:29', NULL, 1),
(270, '02032260030302030750', '1111111111133', '3031-15-002397-013-000750-66-226-000077', 'VODKA ABSOLUT PEPPAR', 750, 12, 40, '9.99', 0, 0, NULL, '2017-09-07 10:07:29', NULL, 1),
(271, '02032260030302040750', '1111111111133', '3031-57-002400-013-000750-66-226-000077', 'VODKA ABSOLUT MANDRIN', 750, 12, 40, '9.99', 0, 0, NULL, '2017-09-07 10:07:29', NULL, 1),
(272, '02032260030302050750', '1111111111133', '3031-57-002401-013-000750-66-226-000077', 'VODKA ABSOLUT VANILIA', 750, 12, 40, '9.99', 0, 0, NULL, '2017-09-07 10:07:29', NULL, 1),
(273, '02032260030302060750', '1111111111133', '3031-15-002397-013-000750-66-226-000077', 'VODKA ABSOLUT RASPBERRI', 750, 12, 40, '9.99', 0, 0, NULL, '2017-09-07 10:07:29', NULL, 1),
(274, '02032260030302070750', '1111111111133', '3031-57-000014-013-000750-66-226-000077', 'VODKA ABSOLUT APEACH', 750, 12, 40, '9.99', 0, 0, NULL, '2017-09-07 10:07:29', NULL, 1),
(275, '02032260030302080187', '1111111111133', '3031-57-002400-013-000050-66-226-000077', 'VODKA BOTELLIN ABSOLUT MANDRIN', 50, 120, 40, '9.99', 0, 0, NULL, '2017-09-07 10:07:29', NULL, 1),
(276, '02032260030302090187', '1111111111133', '3031-57-002399-013-000050-66-226-000077', 'VODKA BOTELLIN ABSOLUT KURRANT', 50, 120, 40, '9.99', 0, 0, NULL, '2017-09-07 10:07:29', NULL, 1),
(277, '02032260030302100187', '1111111111133', '3031-57-002398-013-000050-66-226-000077', 'VODKA BOTELLIN ABSOLUT CITRON', 50, 120, 40, '9.99', 0, 0, NULL, '2017-09-07 10:07:29', NULL, 1),
(278, '02032260030302110187', '1111111111133', '3031-57-002401-013-000050-66-226-000077', 'VODKA BOTELLIN ABSOLUT VANILIA', 50, 120, 40, '9.99', 0, 0, NULL, '2017-09-07 10:07:29', NULL, 1),
(279, '02032260030302120750', '1111111111133', '3031-15-002397-013-000050-66-226-000077', 'VODKA ABSOLUT FIVE', 50, 12, 40, '9.99', 0, 0, NULL, '2017-09-07 10:07:29', NULL, 1),
(280, '02032260030302130750', '1111111111133', '3031-57-000021-013-000750-66-226-000077', 'VODKA ABSOLUT RUBY RED', 750, 12, 40, '9.99', 0, 0, NULL, '2017-09-07 10:07:29', NULL, 1),
(281, '02032260030401010750', '1111111111133', '3031-57-000017-013-000750-66-226-000077', 'VODKA ABSOLUT LEVEL', 750, 6, 40, '9.99', 0, 0, NULL, '2017-09-07 10:07:29', NULL, 1),
(282, '02032260030501010750', '1111111111133', '3031-15-002397-013-000750-66-226-000077', 'VODKA ABSOLUT GLIMER', 750, 12, 40, '9.99', 0, 0, NULL, '2017-09-07 10:07:29', NULL, 1),
(283, '02032260030601010750', '1111111111133', '3031-15-000013-013-000750-66-226-000077', 'VODKA ABSOLUT MASCARADE', 750, 12, 40, '9.99', 0, 0, NULL, '2017-09-07 10:07:29', NULL, 1),
(284, '02032260110101010750', '1111111111134', '3031-15-002397-013-000750-66-226-000077', 'VODKA WYBOROWA EXQUISITE', 750, 6, 40, '9.99', 0, 0, NULL, '2017-09-07 10:07:29', NULL, 1),
(285, '02032260110201010750', '1111111111134', '3031-15-002481-013-000750-66-226-000077', 'VODKA WYBOROWA', 750, 12, 40, '9.99', 0, 0, NULL, '2017-09-07 10:07:29', NULL, 1),
(286, '02032260110302010750', '1111111111134', '3031-15-002481-013-000750-66-226-000077', 'VODKA WYBOROWA APPLE', 750, 12, 40, '9.99', 0, 0, NULL, '2017-09-07 10:07:29', NULL, 1),
(287, '02032260110302020750', '1111111111134', '3031-15-002481-013-000750-66-226-000077', 'VODKA WYBOROWA LEMON', 750, 12, 40, '9.99', 0, 0, NULL, '2017-09-07 10:07:29', NULL, 1),
(288, '02032260110302030750', '1111111111134', '3031-15-002481-013-000750-66-226-000077', 'VODKA WYBOROWA PEAR', 750, 12, 40, '9.99', 0, 0, NULL, '2017-09-07 10:07:29', NULL, 1),
(289, '02041160180101010750', '1111111111135', '3031-57-001894-013-000750-66-116-000077', 'TEQUILA OLMECA BLANCO', 750, 12, 40, '9.99', 0, 0, NULL, '2017-09-07 10:07:29', NULL, 1),
(290, '02041160180102010750', '1111111111135', '3031-57-001895-013-000750-66-116-000077', 'TEQUILA OLMECA DORADO', 750, 12, 40, '9.99', 0, 0, NULL, '2017-09-07 10:07:29', NULL, 1),
(291, '02052090240102010750', '1111111111136', '3031-19-001461-013-000750-66-209-000077', 'BRANDY CORTEL NAPOLEON V.S.O.P', 750, 12, 40, '9.99', 0, 0, NULL, '2017-09-07 10:07:29', NULL, 1),
(292, '02052091050304010700', '1111111111137', '3031-19-019448-013-000700-66-209-000072', 'BRANDY DE JEREZ SOLERA GRAN RESERVA LEPANTO', 700, 6, 36, '9.99', 1, 0, NULL, '2017-09-07 10:07:29', NULL, 1),
(293, '02052091050405010700', '1111111111137', '3031-19-001836-013-000700-66-209-000072', 'BRANDY SOLERA SOBERANO', 700, 6, 36, '9.99', 1, 0, NULL, '2017-09-07 10:07:29', NULL, 1),
(294, '02052091050405020700', '1111111111137', '3031-19-001836-013-000700-66-209-000072', 'BRANDY SOLERA SOBERANO GIFT BOX', 700, 6, 36, '9.99', 1, 0, NULL, '2017-09-07 10:07:29', NULL, 1),
(295, '02052130120101010750', '1111111111138', '3031-19-000518-013-000750-66-213-000077', 'COGÑAC MARTELL FINE V. S.', 750, 12, 40, '9.99', 0, 0, NULL, '2017-09-07 10:07:29', NULL, 1),
(296, '02052130120102010750', '1111111111138', '3031-19-000520-013-000750-66-213-000077', 'COGÑAC MARTELL OLD FINE VSOP', 750, 12, 40, '9.99', 0, 0, NULL, '2017-09-07 10:07:29', NULL, 1),
(297, '02052130120103010750', '1111111111138', '3031-19-000517-013-000750-66-213-000077', 'COGÑAC MARTELL EXTRA OLD X. O.', 750, 12, 40, '9.99', 0, 0, NULL, '2017-09-07 10:07:29', NULL, 1),
(298, '02052130120104010750', '1111111111138', '3031-19-000517-013-000750-66-213-000077', 'COGÑAC MARTELL CORDON BLUE OLD', 750, 12, 40, '9.99', 0, 0, NULL, '2017-09-07 10:07:29', NULL, 1),
(299, '02072130160101010750', '1111111111139', '3031-16-000178-013-000750-66-213-000077', 'GIN BEEFEATER', 750, 12, 40, '9.99', 1, 0, NULL, '2017-09-07 10:07:29', NULL, 1),
(300, '02072133150101010700', '1111111111140', '3031-16-019447-013-000700-66-213-000083', 'ORIGINAL BLUE GIN THE LONDO', 700, 6, 47, '9.99', 1, 0, NULL, '2017-09-07 10:07:29', NULL, 1),
(301, '02081160310101010750', '1111111111141', '3031-53-001058-013-000750-66-116-000077', 'LICOR KAHLUA', 750, 12, 40, '9.99', 0, 0, NULL, '2017-09-07 10:07:29', NULL, 1),
(302, '02082093090104021000', '1111111111142', '3031-57-019373-013-001000-66-209-000080', 'CHINCHON SECO', 1000, 12, 43, '9.99', 1, 0, NULL, '2017-09-07 10:07:29', NULL, 1),
(303, '02082093090204011000', '1111111111142', '3031-57-019372-013-001000-66-209-000071', 'CHINCHON DULCE', 1000, 12, 35, '9.99', 1, 0, NULL, '2017-09-07 10:07:29', NULL, 1),
(304, '02082110130101010750', '1111111111143', '3031-19-000940-013-000750-66-211-000077', 'LICOR GRAN MARNIER CORDON ROJO', 750, 12, 40, '9.99', 1, 0, NULL, '2017-09-07 10:07:29', NULL, 1),
(305, '02082110130101020750', '1111111111143', '3031-19-000940-013-000750-66-211-000077', 'LICOR GRAN MARNIER CORDON ROJO PICTO PACK', 750, 6, 40, '9.99', 1, 0, NULL, '2017-09-07 10:07:29', NULL, 1),
(306, '02082110130101030700', '1111111111143', '3031-19-000940-013-000700-66-211-000077', 'LICOR GRAN MARNIER CORDON ROJO BEL CREA', 700, 6, 40, '9.99', 1, 0, NULL, '2017-09-07 10:07:29', NULL, 1);

-- --------------------------------------------------------

--
-- Estructura de tabla para la tabla `proveedor`
--

CREATE TABLE `proveedor` (
  `id_proveedor` int(11) NOT NULL,
  `nombre` varchar(60) NOT NULL,
  `tipo_provedor` enum('NACIONAL','INTERNACIONAL') NOT NULL COMMENT 'SE REFIERE A NACIONAL O INTERNACIONAL',
  `categoria` varchar(60) NOT NULL,
  `identificacion_proveedor` varchar(16) NOT NULL COMMENT 'ES UNA IDENTIFICADOR INTERNACIONALES',
  `comentarios` varchar(250) DEFAULT NULL,
  `date_create` timestamp NOT NULL DEFAULT CURRENT_TIMESTAMP,
  `last_update` datetime DEFAULT NULL,
  `id_user` smallint(6) NOT NULL COMMENT 'NOMBRE APP USER QUE GUARDA EL REGISTRO'
) ENGINE=InnoDB DEFAULT CHARSET=latin1 COMMENT='Listado de los proveedores, nacionales e internacionales';

--
-- Volcado de datos para la tabla `proveedor`
--

INSERT INTO `proveedor` (`id_proveedor`, `nombre`, `tipo_provedor`, `categoria`, `identificacion_proveedor`, `comentarios`, `date_create`, `last_update`, `id_user`) VALUES
(1, 'PROVEEDOR NO DEFINIDO PARA TARIFAS GENERALES', 'NACIONAL', 'ADUANA', '0000000000000', NULL, '2017-09-04 17:49:10', '2017-08-23 05:14:21', 1),
(21, 'BODEGAS MUGA S.L.', 'INTERNACIONAL', 'LICORES', '0000026010710', NULL, '2017-09-04 17:49:10', '2017-08-23 05:14:21', 1),
(26, 'SOGEVINUS FINE WINES', 'INTERNACIONAL', 'LICORES', '000P500000026', NULL, '2017-09-04 17:49:10', '2017-08-23 05:14:21', 1),
(20, 'PRATAC S.A.', 'INTERNACIONAL', 'LICORES', '0020532416036', NULL, '2017-09-04 17:49:10', '2017-08-23 05:14:21', 1),
(22, 'MARNIER LAPOSTOLLE', 'INTERNACIONAL', 'LICORES', '0027552073371', NULL, '2017-09-04 17:49:10', '2017-08-23 05:14:21', 1),
(23, 'LA RURAL VIÑEDOS Y BODEGAS  S.', 'INTERNACIONAL', 'LICORES', '0030527196112', NULL, '2017-09-04 17:49:10', '2017-08-23 05:14:21', 1),
(28, 'VIÑA CONCHA Y TORO S.A.', 'INTERNACIONAL', 'LICORES', '00P9022700000', NULL, '2017-09-04 17:49:10', '2017-08-23 05:14:21', 1),
(27, 'VIÑA MAIPO LIMITADA', 'INTERNACIONAL', 'LICORES', '082-117-400-7', NULL, '2017-09-04 17:49:10', '2017-08-23 05:14:21', 1),
(46, 'PERNOD RICARD CHILE S A', 'INTERNACIONAL', 'LICORES', '096.777.350-6', NULL, '2017-09-04 17:49:10', '2017-08-23 05:14:21', 1),
(2, 'ALMACENERA DEL ECUADOR S.A. ALMESA', 'NACIONAL', 'ALMACENAJE', '0990027331001', NULL, '2017-09-04 17:49:10', '2017-08-23 05:14:21', 1),
(3, 'HAMBURG SUD ECUADOR S.A.', 'NACIONAL', 'TRANSPORTE INTERNACIONAL', '0990300925001', NULL, '2017-09-04 17:49:10', '2017-08-23 05:14:21', 1),
(4, 'ALMACENERA DEL AGRO S A', 'NACIONAL', 'ALMACENAJE', '0990304262001', NULL, '2017-09-04 17:49:10', '2017-08-23 05:14:21', 1),
(5, 'KUEHNE + NAGEL S.A.', 'NACIONAL', 'TRANSPORTE INTERNACIONAL', '0991321764001', NULL, '2017-09-04 17:49:10', '2017-08-23 05:14:21', 1),
(6, 'FERTISA, FERTILIZANTES, TERMINALES I SERVICIOS S.A.', 'NACIONAL', 'BODEGAJE GYE', '0991352937001', NULL, '2017-09-04 17:49:10', '2017-08-23 05:14:21', 1),
(7, 'NETTEL S.A.', 'NACIONAL', 'CANDADO SATELITAL', '0991413073001', NULL, '2017-09-04 17:49:10', '2017-08-23 05:14:21', 1),
(8, 'NAPORTEC S.A.', 'NACIONAL', 'BODEGAJE GYE', '0992201029001', NULL, '2017-09-04 17:49:10', '2017-08-23 05:14:21', 1),
(9, 'INARPI S.A.', 'NACIONAL', 'BODEGAJE GYE', '0992247932001', NULL, '2017-09-04 17:49:10', '2017-08-23 05:14:21', 1),
(10, 'CMA-CGM ECUADOR S.A.', 'NACIONAL', 'TRANSPORTE INTERNACIONAL', '0992403608001', NULL, '2017-09-04 17:49:10', '2017-08-23 05:14:21', 1),
(11, 'CONTECON GUAYAQUIL S.A.', 'NACIONAL', 'BODEGAJE GYE', '0992506717001', NULL, '2017-09-04 17:49:10', '2017-08-23 05:14:21', 1),
(12, 'SEPROCUSTODIA CIA.LTDA.', 'NACIONAL', 'CUSTODIA ARMADA', '0992530030001', NULL, '2017-09-04 17:49:10', '2017-08-23 05:14:21', 1),
(24, 'ACHAVAL FERRER S.A.', 'INTERNACIONAL', 'LICORES', '0P30700866013', NULL, '2017-09-04 17:49:10', '2017-08-23 05:14:21', 1),
(62, 'GONZALEZ BYASS S.A.', 'INTERNACIONAL', 'LICORES', '0PESA11605276', NULL, '2017-09-04 17:49:10', '2017-08-23 05:14:21', 1),
(29, 'ETCHART', 'INTERNACIONAL', 'LICORES', '1111111111111', NULL, '2017-09-04 17:49:10', '2017-08-23 05:14:21', 1),
(30, 'BARON', 'INTERNACIONAL', 'LICORES', '1111111111112', NULL, '2017-09-04 17:49:10', '2017-08-23 05:14:21', 1),
(31, '1111111111113', 'INTERNACIONAL', 'LICORES', '1111111111113', NULL, '2017-09-04 17:49:10', '2017-08-23 05:14:21', 1),
(32, 'GRAN LOMO S A', 'INTERNACIONAL', 'LICORES', '1111111111114', NULL, '2017-09-04 17:49:10', '2017-08-23 05:14:21', 1),
(33, 'MUGA S A', 'INTERNACIONAL', 'LICORES', '1111111111115', NULL, '2017-09-04 17:49:10', '2017-08-23 05:14:21', 1),
(35, 'BERONIA S A', 'INTERNACIONAL', 'LICORES', '1111111111116', NULL, '2017-09-04 17:49:10', '2017-08-23 05:14:21', 1),
(36, 'JACOBS CREEK S A', 'INTERNACIONAL', 'LICORES', '1111111111117', NULL, '2017-09-04 17:49:10', '2017-08-23 05:14:21', 1),
(37, 'MUMM S.A.', 'INTERNACIONAL', 'LICORES', '1111111111118', NULL, '2017-09-04 17:49:10', '2017-08-23 05:14:21', 1),
(38, 'VILARNAU S A', 'INTERNACIONAL', 'LICORES', '1111111111120', NULL, '2017-09-04 17:49:10', '2017-08-23 05:14:21', 1),
(39, 'DOM POTIER S A', 'INTERNACIONAL', 'LICORES', '1111111111121', NULL, '2017-09-04 17:49:10', '2017-08-23 05:14:21', 1),
(40, 'TAITTINGERS S A', 'INTERNACIONAL', 'LICORES', '1111111111122', NULL, '2017-09-04 17:49:10', '2017-08-23 05:14:21', 1),
(41, 'PERRIER JOUET S A', 'INTERNACIONAL', 'LICORES', '1111111111123', NULL, '2017-09-04 17:49:10', '2017-08-23 05:14:21', 1),
(42, 'DRY SACK S A', 'INTERNACIONAL', 'LICORES', '1111111111124', NULL, '2017-09-04 17:49:10', '2017-08-23 05:14:21', 1),
(43, 'PORTO BARROS S A', 'INTERNACIONAL', 'LICORES', '1111111111125', NULL, '2017-09-04 17:49:10', '2017-08-23 05:14:21', 1),
(44, 'TIO PEPE S A', 'INTERNACIONAL', 'LICORES', '1111111111126', NULL, '2017-09-04 17:49:10', '2017-08-23 05:14:21', 1),
(45, 'CHIVAS BROTHERS S A', 'INTERNACIONAL', 'LICORES', '1111111111127', NULL, '2017-09-04 17:49:10', '2017-08-23 05:14:21', 1),
(47, 'UNITE S A', 'INTERNACIONAL', 'LICORES', '1111111111129', NULL, '2017-09-04 17:49:10', '2017-08-23 05:14:21', 1),
(48, 'HAVANA S A', 'INTERNACIONAL', 'LICORES', '1111111111130', NULL, '2017-09-04 17:49:10', '2017-08-23 05:14:21', 1),
(49, 'SERRA S A', 'INTERNACIONAL', 'LICORES', '1111111111131', NULL, '2017-09-04 17:49:10', '2017-08-23 05:14:21', 1),
(50, 'TANQUERAY S A', 'INTERNACIONAL', 'LICORES', '1111111111132', NULL, '2017-09-04 17:49:10', '2017-08-23 05:14:21', 1),
(51, 'ABSOLUT S A', 'INTERNACIONAL', 'LICORES', '1111111111133', NULL, '2017-09-04 17:49:10', '2017-08-23 05:14:21', 1),
(52, 'WYBOROWA S A', 'INTERNACIONAL', 'LICORES', '1111111111134', NULL, '2017-09-04 17:49:10', '2017-08-23 05:14:21', 1),
(53, 'OLMECA S A', 'INTERNACIONAL', 'LICORES', '1111111111135', NULL, '2017-09-04 17:49:10', '2017-08-23 05:14:21', 1),
(54, 'CORTES S A', 'INTERNACIONAL', 'LICORES', '1111111111136', NULL, '2017-09-04 17:49:10', '2017-08-23 05:14:21', 1),
(55, 'GONZALES BYASS S A', 'INTERNACIONAL', 'LICORES', '1111111111137', NULL, '2017-09-04 17:49:10', '2017-08-23 05:14:21', 1),
(56, 'MARTELL S A', 'INTERNACIONAL', 'LICORES', '1111111111138', NULL, '2017-09-04 17:49:10', '2017-08-23 05:14:21', 1),
(57, 'BEEFEATER S A', 'INTERNACIONAL', 'LICORES', '1111111111139', NULL, '2017-09-04 17:49:10', '2017-08-23 05:14:21', 1),
(58, 'LONDON No.1 S A', 'INTERNACIONAL', 'LICORES', '1111111111140', NULL, '2017-09-04 17:49:10', '2017-08-23 05:14:21', 1),
(59, 'KAHLUA S A', 'INTERNACIONAL', 'LICORES', '1111111111141', NULL, '2017-09-04 17:49:10', '2017-08-23 05:14:21', 1),
(60, 'CHINCHON S A', 'INTERNACIONAL', 'LICORES', '1111111111142', NULL, '2017-09-04 17:49:10', '2017-08-23 05:14:21', 1),
(61, 'MARNIER LAPOSTOLLE S A', 'INTERNACIONAL', 'LICORES', '1111111111143', NULL, '2017-09-04 17:49:10', '2017-08-23 05:14:21', 1),
(64, 'ALMACENERA ALMAGRO EDUARDO', 'NACIONAL', 'BODEGAJE', '1234567890001', '', '2017-09-04 17:49:10', '2017-09-13 18:55:46', 1),
(63, 'ADUANA DEL ECUADOR SENNAE', 'NACIONAL', 'ADUANA', '1700000000000', NULL, '2017-09-04 17:49:10', '2017-08-23 05:14:21', 1),
(13, 'PONCE NOLIVOS MARIO FABIAN', 'NACIONAL', 'AGENTE DE ADUANAS', '1703505030001', NULL, '2017-09-04 17:49:10', '2017-08-23 05:14:21', 1),
(1722919727, 'Eduardo Vinicio Villota', '', 'nacional', '1722919725001', '', '2017-09-12 03:37:42', NULL, 1),
(14, 'SEGUROS EQUINOCCIAL S.A.', 'NACIONAL', 'POLIZAS', '1790007502001', NULL, '2017-09-04 17:49:10', '2017-08-23 05:14:21', 1),
(15, 'PANATLANTIC LOGISTICS S.A', 'NACIONAL', 'AGENTE DE ADUANAS', '1790427692001', NULL, '2017-09-04 17:49:10', '2017-08-23 05:14:21', 1),
(16, 'OFICINA COMERCIAL ADUANERA CORDERO PROANO CIA. LTD', 'NACIONAL', 'AGENTE DE ADUANAS', '1790775879001', NULL, '2017-09-04 17:49:10', '2017-08-23 05:14:21', 1),
(17, 'INTERCILSA LOGISTICS CIA.', 'NACIONAL', 'TRANSPORTE INTERNACIONAL', '1791283600001', NULL, '2017-09-04 17:49:10', '2017-08-23 05:14:21', 1),
(18, 'COTECNA DEL ECUADOR S.A.', 'NACIONAL', 'CANDADO SATELITAL', '1791359496001', NULL, '2017-09-04 17:49:10', '2017-08-23 05:14:21', 1),
(19, 'SEPROTRANSPORTE S.A.', 'NACIONAL', 'TRANSPORTE INTERNO', '1791920961001', NULL, '2017-09-04 17:49:10', '2017-08-23 05:14:21', 1),
(25, '33-68989817-9', 'INTERNACIONAL', 'LICORES', '33-68989817-9', NULL, '2017-09-04 17:49:10', '2017-08-23 05:14:21', 1),
(34, 'HENKELL & SOHNLEIN', 'INTERNACIONAL', 'LICORES', '9999999999993', NULL, '2017-09-04 17:49:10', '2017-08-23 05:14:21', 1);

-- --------------------------------------------------------

--
-- Estructura de tabla para la tabla `seguimiento`
--

CREATE TABLE `seguimiento` (
  `id_seguimiento` mediumint(9) NOT NULL,
  `tabla` varchar(45) NOT NULL,
  `accion` enum('UPDATE','DELETE') NOT NULL DEFAULT 'UPDATE' COMMENT 'INDICA CUANDO SE REALIZA EL REGISTRO SI AL BORRAR O EDITAR UN REGISTR',
  `datos` varchar(1000) DEFAULT NULL,
  `id_user` smallint(6) NOT NULL COMMENT 'NOMBRE APP USER QUE GUARDA EL REGISTRO',
  `date_create` timestamp NOT NULL DEFAULT CURRENT_TIMESTAMP
) ENGINE=InnoDB DEFAULT CHARSET=latin1 COMMENT='Se registran los cambios en las tablas solo las columnas que cambian';

--
-- Volcado de datos para la tabla `seguimiento`
--

INSERT INTO `seguimiento` (`id_seguimiento`, `tabla`, `accion`, `datos`, `id_user`, `date_create`) VALUES
(1, 'pedido', 'UPDATE', 'fele_aduana:0.000:109.400;seguro_aduana:0.000:200.000;', 1, '2017-09-07 10:50:42'),
(3, 'pedido', 'UPDATE', 'comentarios::Este es un comentario de la tabla;', 1, '2017-09-10 04:41:48'),
(4, 'pedido', 'UPDATE', 'comentarios:Este es un comentario de la tabla:;', 1, '2017-09-10 04:42:37'),
(9, 'pedido', 'UPDATE', 'comentarios::Tercera Vez que cambio los comentario;', 1, '2017-09-10 05:01:47'),
(10, 'pedido', 'DELETE', 'nro_pedido:999/17;regimen:10;id_incoterm:0;flete_aduana:0.000;seguro_aduana:0.000;estado_pedido:ABIERTO;comentarios:', 1, '2017-09-10 05:07:29'),
(27, 'pedido', 'DELETE', 'nro_pedido:100/17;regimen:10;id_incoterm:0;flete_aduana:0.000;seguro_aduana:0.000;estado_pedido:ABIERTO;comentarios:', 1, '2017-09-10 05:48:18'),
(58, 'pedido', 'UPDATE', 'nro_pedido:006/17:006-17;', 1, '2017-09-11 04:06:23'),
(59, 'pedido', 'UPDATE', 'nro_pedido:033/17:033-17;', 1, '2017-09-11 04:06:27'),
(60, 'pedido', 'UPDATE', 'nro_pedido:100/17:100-17;', 1, '2017-09-11 04:06:31'),
(61, 'pedido', 'UPDATE', 'nro_pedido:999/17:999-17;', 1, '2017-09-11 04:06:35'),
(62, 'pedido_factura', 'UPDATE', 'fecha_emision:2017-09-10:0000-00-00;valor:100.000:200.000;moneda:DOLARES:DOLAR;vencimiento_pago:2017-10-10:0000-00-00;', 1, '2017-09-11 04:41:22'),
(63, 'pedido_factura', 'UPDATE', 'id_factura_proveedor:1234567:77777;valor:999.999:200.000;moneda:DOLAR:EUROS;', 1, '2017-09-11 05:08:10'),
(64, 'pedido_factura', 'UPDATE', 'id_factura_proveedor:77777:73212;valor:200.000:999.999;', 1, '2017-09-11 05:08:47'),
(66, 'pedido_factura', 'DELETE', 'nro_pedido:999-17;id_factura_proveedor:123456;identificacion_proveedor:1111111111122;fecha_emision:0000-00-00;valor:999.999;moneda:DOLAR;tipo_cambio:1.000;vencimiento_pago:0000-00-00', 1, '2017-09-11 05:32:31'),
(67, 'usuario', 'UPDATE', '', 1, '2017-09-11 13:38:32'),
(68, 'detalle_pedido_factura', 'UPDATE', 'costo_und:12.420:30.420;', 1, '2017-09-11 14:18:27'),
(69, 'detalle_pedido_factura', 'DELETE', 'id_pedido_factura:7;detalle_pedido_factura:10;cod_contable:02041160180102010750;nro_cajas:200;costo_und:30.420', 1, '2017-09-11 14:30:12'),
(71, 'producto', 'UPDATE', '', 1, '2017-09-12 02:47:31'),
(72, 'producto', 'UPDATE', 'costo_unidad:32.980:30.980;', 1, '2017-09-12 02:48:02'),
(73, 'producto', 'DELETE', 'cod_contable:01011010010206010988;identificacion_proveedor:00P9022700000;cod_ice:3031-53-013129-013-000750-66-101-000029;nombre:Traguito de prueba para cada una de las filas;capacidad_ml:900;cantidad_x_caja:12;grado_alcoholico:10.91;costo_unidad:30.980;estado:1;custodia_doble:0;comentarios:', 1, '2017-09-12 02:49:10'),
(74, 'proveedor', 'UPDATE', 'tipo_provedor::NACIONAL;categoria:nacion:Direccion de sistemas;', 1, '2017-09-12 03:40:57'),
(75, 'proveedor', 'UPDATE', '', 1, '2017-09-12 03:41:02'),
(76, 'proveedor', 'DELETE', 'nombre:Eduardo Villota;tipo_provedor:NACIONAL;categoria:Direccion de sistemas;identificacion_proveedor:1722919725;comentarios:', 1, '2017-09-12 03:41:58'),
(77, 'proveedor', 'UPDATE', 'identificacion_proveedor:1234567890001:;', 1, '2017-09-13 02:37:01'),
(79, 'factura_informativa', 'UPDATE', '', 1, '2017-09-13 02:49:06'),
(80, 'factura_informativa', 'UPDATE', 'moneda:DOLAR:Pesos;tipo_cambio:1.000:0.100;', 1, '2017-09-13 02:49:40'),
(81, 'factura_informativa', 'DELETE', 'nro_factura_informativa:0032101;nro_pedido:006-17;identificacion_proveedor:1234567890001;fele_aduana:1.000;seguro_aduana:1.000;moneda:Pesos;tipo_cambio:0.100', 1, '2017-09-13 02:50:10'),
(82, 'factura_informativa', 'DELETE', 'nro_factura_informativa:0032104;nro_pedido:006-17;identificacion_proveedor:1234567890001;fele_aduana:1.000;seguro_aduana:1.000;moneda:DOLAR;tipo_cambio:1.000', 1, '2017-09-13 03:05:12'),
(83, 'factura_informativa', 'DELETE', 'nro_factura_informativa:0032108;nro_pedido:006-17;identificacion_proveedor:1234567890001;fele_aduana:1.000;seguro_aduana:1.000;moneda:DOLAR;tipo_cambio:1.000', 1, '2017-09-13 03:06:00'),
(84, 'gastos_iniciales_r70', 'UPDATE', '', 1, '2017-09-13 04:10:35'),
(85, 'gastos_iniciales_r70', 'DELETE', 'nro_pedido:006-17;concepto:Tasa Aduanera;valor_provisionado:200.000;comentarios:', 1, '2017-09-13 04:11:40'),
(86, 'factura_pagos_pedido_gasto_inicial_r70', 'UPDATE', '', 1, '2017-09-13 04:33:34'),
(87, 'factura_pagos_pedido_gasto_inicial_r70', 'DELETE', 'id_gastos_iniciales:4;id_factura_pagos:12345;valor:200.000', 1, '2017-09-13 05:03:42'),
(88, 'usuario', 'UPDATE', '', 1, '2017-09-13 22:21:54'),
(89, 'pedido', 'DELETE', 'nro_pedido:110-17;regimen:10;id_incoterm:0;flete_aduana:0.000;seguro_aduana:0.000;estado_pedido:ABIERTO;comentarios:', 1, '2017-09-13 22:49:09'),
(90, 'proveedor', 'UPDATE', 'nombre:ALMACENERA ALMAGRO:ALMACENERA ALMAGRO EDUARDO;', 1, '2017-09-13 22:55:46'),
(91, 'nacionalizacion', 'UPDATE', 'moneda:dolares:moneda;tipo_cambio:3.000:1.400;', 1, '2017-09-14 00:12:35'),
(92, 'nacionalizacion', 'UPDATE', 'moneda:Pesos:dolares;', 1, '2017-09-15 10:28:40'),
(93, 'nacionalizacion', 'DELETE', 'id_nacionalizacion:4;nro_pedido:133-17;nro_factura_informativa:0032107;moneda:Pesos;tipo_cambio:3.000', 1, '2017-09-15 11:34:18'),
(94, 'nacionalizacion', 'DELETE', 'id_nacionalizacion:3;nro_pedido:006-17;nro_factura_informativa:0032103;moneda:dolares;tipo_cambio:1.400', 1, '2017-09-15 11:36:30'),
(95, 'impuestos_nacionalizacion', 'DELETE', 'id_nacionalizacion:1;concepto:VINICIO;valor_provisionado:304.310;comentarios:', 1, '2017-09-16 05:05:35'),
(97, 'impuestos_nacionalizacion', 'UPDATE', 'concepto:0.000:CAMBIO;valor_provisionado:122.310:304.310;', 1, '2017-09-16 05:46:04'),
(98, 'liquidacion_impuestos', 'UPDATE', 'id_impuestos:5;3;nro_documento:876543;87654398;valor:138.310;999.999;', 1, '2017-09-16 05:59:48'),
(99, 'liquidacion_impuestos', 'UPDATE', 'nro_documento:87654398;8765444;', 1, '2017-09-16 06:00:06'),
(100, 'liquidacion_impuestos', 'UPDATE', 'nro_documento:8765444;87654;', 1, '2017-09-16 06:00:27'),
(102, 'liquidacion_impuestos', 'UPDATE', '', 1, '2017-09-16 06:00:50'),
(107, 'liquidacion_impuestos', 'UPDATE', 'valor:999.999;100.999;', 1, '2017-09-16 06:07:59'),
(108, 'gastos_nacionalizacion', 'UPDATE', 'valor_provisionado:999.999:199.999;', 1, '2017-09-16 07:35:51'),
(109, 'gastos_nacionalizacion', 'UPDATE', 'valor_provisionado:199.999:154.539;', 1, '2017-09-16 07:36:00'),
(110, 'gastos_nacionalizacion', 'DELETE', 'id_nacionalizacion:1;concepto:Transporte;valor_provisionado:999.999;comentarios:', 1, '2017-09-16 07:36:18'),
(112, 'factura_pagos_pedido_gasto_nacionalizacion', 'UPDATE', 'id_factura_pagos:1:123;valor:109.090:309.090;', 1, '2017-09-16 07:43:04'),
(113, 'factura_pagos_pedido_gasto_nacionalizacion', 'UPDATE', 'id_factura_pagos:123:1236;', 1, '2017-09-16 07:43:08'),
(114, 'factura_pagos_pedido_gasto_nacionalizacion', 'UPDATE', 'id_factura_pagos:1236:12367;', 1, '2017-09-16 07:43:10'),
(115, 'factura_gastos_nacionalizacion', 'DELETE', 'id_gastos_nacionalizacion:1;id_factura_pagos:12;valor:109.090', 1, '2017-09-16 07:43:38'),
(116, 'factura_informativa_detalle', 'DELETE', 'nro_factura_informativa:2;cod_contable:02052091050405020700;nro_cajas:43', 1, '2017-09-17 02:16:40'),
(117, 'factura_informativa_detalle', 'UPDATE', 'nro_cajas:43:99;', 1, '2017-09-17 02:26:42'),
(118, 'factura_pagos', 'UPDATE', 'valor:123.860:999.860;', 1, '2017-09-17 02:31:20'),
(119, 'factura_pagos', 'UPDATE', 'valor:999.860:909.860;', 1, '2017-09-17 02:43:58'),
(120, 'factura_pagos', 'UPDATE', '', 1, '2017-09-17 02:47:21'),
(121, 'factura_pagos', 'UPDATE', '', 1, '2017-09-17 02:47:39'),
(122, 'factura_pagos', 'UPDATE', '', 1, '2017-09-17 02:51:40'),
(123, 'factura_pagos', 'UPDATE', '', 1, '2017-09-17 02:51:51'),
(124, 'factura_pagos', 'UPDATE', 'fecha_emision:0000-00-00:2017-10-19;', 1, '2017-09-17 02:52:41'),
(125, 'factura_pagos', 'DELETE', 'identificacion_proveedor:1111111111118;nro_factura:64323950;fecha_emision:2017-10-19;valor:909.860;saldo:0;comentarios:', 1, '2017-09-17 02:58:11'),
(126, 'factura_pagos', 'DELETE', 'identificacion_proveedor:1111111111118;nro_factura:6432395;fecha_emision:0000-00-00;valor:123.860;saldo:0;comentarios:', 1, '2017-09-17 02:58:49'),
(127, 'factura_pagos_pedido', 'UPDATE', '', 1, '2017-09-17 03:08:20'),
(128, 'factura_pagos_pedido', 'UPDATE', '', 1, '2017-09-17 03:08:23'),
(129, 'factura_pagos_pedido', 'DELETE', NULL, 1, '2017-09-17 03:09:50');

-- --------------------------------------------------------

--
-- Estructura de tabla para la tabla `tarifas_impuestos`
--

CREATE TABLE `tarifas_impuestos` (
  `id_tarifas_impuestos` smallint(6) NOT NULL,
  `concepto` varchar(45) NOT NULL,
  `regimen` enum('R10','R70','TODOS') NOT NULL,
  `porcentaje` decimal(8,2) NOT NULL,
  `date_create` timestamp NOT NULL DEFAULT CURRENT_TIMESTAMP,
  `last_update` datetime DEFAULT NULL,
  `estado` enum('ACTIVO','INACTIVO') NOT NULL DEFAULT 'ACTIVO',
  `comentarios` varchar(250) DEFAULT NULL,
  `id_user` smallint(6) NOT NULL COMMENT 'NOMBRE APP USER QUE GUARDA EL REGISTRO',
  `valor` decimal(8,2) NOT NULL DEFAULT '0.00'
) ENGINE=InnoDB DEFAULT CHARSET=latin1 COMMENT='Se registran los porcentajes y los impuestos que existen  o se pagan';

--
-- Volcado de datos para la tabla `tarifas_impuestos`
--

INSERT INTO `tarifas_impuestos` (`id_tarifas_impuestos`, `concepto`, `regimen`, `porcentaje`, `date_create`, `last_update`, `estado`, `comentarios`, `id_user`, `valor`) VALUES
(1, 'FODINFA', 'TODOS', '0.05', '2017-09-07 10:26:51', '2017-08-24 23:01:21', 'ACTIVO', '0,50% DEL CIF (FOB+SEG+FLETE ADUANA)', 1, '0.00'),
(2, 'ARANCEL ADVALOREN', 'TODOS', '0.01', '2017-09-07 10:26:51', '2017-08-25 16:46:32', 'INACTIVO', '1% DEL CIF (FOB+SEG+FLETE ADUANA)', 1, '0.00'),
(3, 'ARANCEL ESPECIFICO', 'TODOS', '0.25', '2017-09-07 10:26:51', '2017-08-25 16:46:32', 'INACTIVO', '0,25*CAPACIDAD/1000*GRADO ALCOHOLICO*No. botellas', 1, '0.00'),
(4, 'ICE ESPECIFICO', 'TODOS', '7.24', '2017-09-07 10:26:51', '2017-08-25 16:46:32', 'INACTIVO', '7,24*CAPACIDAD/1000*GRADO ALCOHOLICO/100*No. Botellas', 1, '0.00'),
(5, 'EXADUANA ANTES ETIQUETAS FISCALES', 'TODOS', '0.00', '2017-09-07 10:26:51', '2017-08-25 16:46:32', 'ACTIVO', '(FOB+SEGURO ADUANA+TRANSPORTE ADUANA+FODINFA+ARANCEL ADVALOREN+ARANCEL ESDPECIFICO+OTROS)/No. Botellas', 1, '0.00'),
(6, 'EXADUANA DESPUES DE ETIQUETAS FISCALES', 'TODOS', '0.00', '2017-09-07 10:26:51', '2017-08-25 16:46:32', 'ACTIVO', '(FOB+SEGURO ADUANA+TRANSPORTE ADUANA+FODINFA+ARANCEL ADVALOREN+ARANCEL ESDPECIFICO+OTROS+ETIQUETAS FISCALES)/No. Botellas', 1, '0.00'),
(7, 'BASE ADVALOREN', 'TODOS', '0.00', '2017-09-07 10:26:51', '2017-08-25 16:46:32', 'ACTIVO', '4,33*CAPACIDAD/1000', 1, '0.00'),
(8, 'ICE ADVALOREN', 'TODOS', '0.00', '2017-09-07 10:26:51', '2017-08-25 16:46:32', 'ACTIVO', 'SI EX ADUANA ANTES ETIQUETAS FISCALES ES MAYOR QUE CAPACIDAD*4,33/1000 GRAVA EL ICE ADVALOREN TARIFA ES 0,75 DEL EXADUANA POR NUMERO DE BOTELLAS', 1, '4.33'),
(9, 'IVA', 'TODOS', '0.12', '2017-09-07 10:26:51', '2017-08-25 16:46:32', 'ACTIVO', '(FOB+SEGURO ADUANA+TRANSPORTE ADUANA+FODINFA+ARANCEL ADVALOREN+ARANCEL ESDPECIFICO+OTROS+ICE ESPECIFICO+ICE ADVALOREN)*12%', 1, '0.00'),
(10, 'ETIQUETADO FISCAL', 'TODOS', '0.00', '2017-09-07 10:26:51', '2017-08-25 16:46:32', 'ACTIVO', '0.13 POR CADA BOTELLA', 1, '0.13'),
(11, 'RELIQUIDACION ICE', 'TODOS', '0.00', '2017-09-07 10:26:51', '2017-08-25 16:46:32', 'ACTIVO', 'SI EX ADUANA DESPUES ETIQUETAS FISCALES ES MAYOR QUE CAPACIDAD*4,33/1000 GRAVA EL ICE ADVALOREN TARIFA ES 0,75 DEL EXADUANA POR NUMERO DE BOTELLAS MENOS EL ICE ADVALOREN PAGADO', 1, '0.00');

-- --------------------------------------------------------

--
-- Estructura de tabla para la tabla `tarifa_provicion_nacional`
--

CREATE TABLE `tarifa_provicion_nacional` (
  `id_tarifa` mediumint(9) NOT NULL,
  `identificacion_proveedor` varchar(16) NOT NULL COMMENT 'IDENTIFICADOR DE PROVEEDOR ENTREGADO POR VINESA PARA MENORES PONER CEROS ANTES',
  `regimen` enum('R70','R10','TODOS') NOT NULL,
  `tipo_provicion` enum('GASTO INICIAL','GASTO NACIONALIZACION') NOT NULL COMMENT 'DEFINE A QUE TIPO DE GASTO SE APLICA LA TARIFA DEL GASTO PROVICIONADO',
  `concepto` varchar(45) NOT NULL COMMENT 'flete_internacional, flete_internacional, ECT',
  `valor` decimal(8,2) NOT NULL COMMENT 'VALOR DEL SERVICIO',
  `porcentaje` decimal(8,2) NOT NULL DEFAULT '0.00',
  `comentarios` varchar(250) DEFAULT NULL,
  `date_create` timestamp NOT NULL DEFAULT CURRENT_TIMESTAMP,
  `last_update` datetime DEFAULT NULL,
  `id_user` smallint(6) NOT NULL COMMENT 'NOMBRE APP USER QUE GUARDA EL REGISTRO'
) ENGINE=InnoDB DEFAULT CHARSET=latin1 COMMENT='Se registran todas las tarifas y costos acordados con los proveedores nacionales';

--
-- Volcado de datos para la tabla `tarifa_provicion_nacional`
--

INSERT INTO `tarifa_provicion_nacional` (`id_tarifa`, `identificacion_proveedor`, `regimen`, `tipo_provicion`, `concepto`, `valor`, `porcentaje`, `comentarios`, `date_create`, `last_update`, `id_user`) VALUES
(22, '0990300925001', 'TODOS', 'GASTO INICIAL', 'GASTOS LOCALES EUROPA', '195.00', '0.00', 'TODA EUROPA', '2017-09-07 10:24:04', NULL, 1),
(7, '0990300925001', 'TODOS', 'GASTO INICIAL', 'THC', '155.00', '0.00', 'COSTO DE THC CON EL PROVEEDOR HAMBURG SUD', '2017-09-07 10:24:04', NULL, 1),
(16, '0990304262001', 'TODOS', 'GASTO INICIAL', 'MANO DE OBRA ETIQUETADO', '55.00', '0.00', 'SERVICIO DE PEGADO DE ETIEUTAS EN LA BODEGA', '2017-09-07 10:24:04', NULL, 1),
(20, '0991321764001', 'TODOS', 'GASTO INICIAL', 'GASTOS LOCALES ALEMANIA', '330.00', '0.00', 'ALEMANIA', '2017-09-07 10:24:04', NULL, 1),
(17, '0991321764001', 'TODOS', 'GASTO INICIAL', 'GASTOS LOCALES ARGENTINA', '310.00', '0.00', 'ARGENTINA', '2017-09-07 10:24:04', NULL, 1),
(18, '0991321764001', 'TODOS', 'GASTO INICIAL', 'GASTOS LOCALES CHILE', '310.00', '0.00', 'CHILE', '2017-09-07 10:24:04', NULL, 1),
(21, '0991321764001', 'TODOS', 'GASTO INICIAL', 'GASTOS LOCALES ESPAÑA', '330.00', '0.00', 'ESPAÑA', '2017-09-07 10:24:04', NULL, 1),
(19, '0991321764001', 'TODOS', 'GASTO INICIAL', 'GASTOS LOCALES PORTUGAL', '330.00', '0.00', 'PORTUGAL', '2017-09-07 10:24:04', NULL, 1),
(6, '0991321764001', 'TODOS', 'GASTO INICIAL', 'THC', '165.00', '0.00', 'COSTO DE THC CON EL PROVEEDOR KUHEENE', '2017-09-07 10:24:04', NULL, 1),
(4, '0992530030001', 'TODOS', 'GASTO INICIAL', 'CUSTODIA ARMADA', '490.00', '0.00', 'EL DOBLE PARA LOS QUE SE INDICAN', '2017-09-07 10:24:04', NULL, 1),
(3, '1700000000000', 'R70', 'GASTO INICIAL', 'CANDADO SATELITAL', '70.00', '0.00', 'PUEDE SER EDITADO POR EL ADMINITRADOR', '2017-09-07 10:24:04', NULL, 1),
(5, '1700000000000', 'TODOS', 'GASTO INICIAL', 'ISD', '0.00', '0.05', 'IMPUESTO SOBRE EL VALOR DE LA FACTURA PROVEEDOR', '2017-09-07 10:24:04', NULL, 1),
(1, '1700000000000', 'TODOS', 'GASTO INICIAL', 'SEGURO ADUANA', '0.00', '0.18', '((FLETE + FOB) * 220)0.18', '2017-09-07 10:24:04', NULL, 1),
(2, '1700000000000', 'R70', 'GASTO INICIAL', 'TASA ADUANERA', '40.00', '0.00', 'PUEDE SER EDITADO POR EL ADMINITRADOR', '2017-09-07 10:24:04', NULL, 1),
(8, '1703505030001', 'TODOS', 'GASTO INICIAL', 'AGENTE INICIAL DOCUMENTAL', '234.60', '0.00', 'AGENTE INICAL AFORO DOCUMENTAL, VERIFICAR REGIMEN ALQUE APLICA', '2017-09-07 10:24:04', NULL, 1),
(11, '1703505030001', 'TODOS', 'GASTO INICIAL', 'AGENTE INICIAL FISICO', '249.60', '0.00', 'AGENTE INICAL AFORO FISICO, VERIFICAR REGIMEN ALQUE APLICA', '2017-09-07 10:24:04', NULL, 1),
(9, '1790427692001', 'TODOS', 'GASTO INICIAL', 'AGENTE INICIAL DOCUMENTAL', '234.60', '0.00', 'AGENTE INICAL AFORO DOCUMENTAL, VERIFICAR REGIMEN ALQUE APLICA', '2017-09-07 10:24:04', NULL, 1),
(12, '1790427692001', 'TODOS', 'GASTO INICIAL', 'AGENTE INICIAL FISICO', '249.60', '0.00', 'AGENTE INICAL AFORO FISICO, VERIFICAR REGIMEN ALQUE APLICA', '2017-09-07 10:24:04', NULL, 1),
(10, '1790775879001', 'TODOS', 'GASTO INICIAL', 'AGENTE INICIAL DOCUMENTAL', '234.60', '0.00', 'AGENTE INICAL AFORO DOCUMENTAL, VERIFICAR REGIMEN ALQUE APLICA', '2017-09-07 10:24:04', NULL, 1),
(13, '1790775879001', 'TODOS', 'GASTO INICIAL', 'AGENTE INICIAL FISICO', '249.60', '0.00', 'AGENTE INICAL AFORO FISICO, VERIFICAR REGIMEN ALQUE APLICA', '2017-09-07 10:24:04', NULL, 1),
(15, '1791920961001', 'TODOS', 'GASTO INICIAL', 'TRANSPORTE ESTRA PESADO UIO-GYE', '750.00', '0.00', 'SERVICIO DE TRANSPORTE INTERNO', '2017-09-07 10:24:04', NULL, 1),
(14, '1791920961001', 'TODOS', 'GASTO INICIAL', 'TRANSPORTE NORMAL UIO-GYE', '660.00', '0.00', 'SERVICIO DE TRANSPORTE INTERNO', '2017-09-07 10:24:04', NULL, 1);

-- --------------------------------------------------------

--
-- Estructura de tabla para la tabla `usuario`
--

CREATE TABLE `usuario` (
  `id_user` smallint(6) NOT NULL,
  `nombres` varchar(45) NOT NULL,
  `email` varchar(45) NOT NULL,
  `cargo` varchar(45) NOT NULL,
  `username` varchar(45) NOT NULL,
  `password` varchar(120) NOT NULL,
  `usertype` enum('L1','L2','L3') NOT NULL COMMENT 'L1 Administrador; L2 Ingreso Data; L3 Visualizacion',
  `last_login` datetime DEFAULT NULL,
  `date_create` timestamp NOT NULL DEFAULT CURRENT_TIMESTAMP,
  `last_update` datetime DEFAULT NULL
) ENGINE=InnoDB DEFAULT CHARSET=latin1 COMMENT='Se registran todos los impuestos que existen en una nacionalizacion, solo impuestos de la SENAE';

--
-- Volcado de datos para la tabla `usuario`
--

INSERT INTO `usuario` (`id_user`, `nombres`, `email`, `cargo`, `username`, `password`, `usertype`, `last_login`, `date_create`, `last_update`) VALUES
(1, 'Usuario de Prueba', 'usuario@gmail.com', 'Staff', 'usuario', 'erdYyo1ERYzIcgXJsjM6bRkmFq5JecqAhJzPmFqMPa8=', 'L1', '2017-09-22 16:43:09', '2017-09-07 09:46:27', NULL);

--
-- Índices para tablas volcadas
--

--
-- Indices de la tabla `ci_sessions`
--
ALTER TABLE `ci_sessions`
  ADD KEY `ci_sessions_timestamp` (`timestamp`);

--
-- Indices de la tabla `detalle_pedido_factura`
--
ALTER TABLE `detalle_pedido_factura`
  ADD PRIMARY KEY (`id_pedido_factura`,`cod_contable`),
  ADD UNIQUE KEY `detalle_pedido_factura` (`detalle_pedido_factura`),
  ADD KEY `FK_DETALLE_PEDIDO_FACTURA_PRODUCTO` (`cod_contable`);

--
-- Indices de la tabla `factura_gastos_nacionalizacion`
--
ALTER TABLE `factura_gastos_nacionalizacion`
  ADD PRIMARY KEY (`id_gastos_nacionalizacion`,`id_factura_pagos_pedido`),
  ADD UNIQUE KEY `id_factura_pagos_pedido_gasto_nacionalizacion` (`id_factura_gastos_nacionalizacion`);

--
-- Indices de la tabla `factura_informativa`
--
ALTER TABLE `factura_informativa`
  ADD PRIMARY KEY (`nro_factura_informativa`,`nro_pedido`),
  ADD UNIQUE KEY `id_factura_informativa` (`id_factura_informativa`),
  ADD KEY `FK_FACTURA_INFORMATIVA_PEDIDO` (`nro_pedido`),
  ADD KEY `FK_FACTURA_INFORMATIVA_PROVEEDOR` (`identificacion_proveedor`);

--
-- Indices de la tabla `factura_informativa_detalle`
--
ALTER TABLE `factura_informativa_detalle`
  ADD PRIMARY KEY (`id_factura_informativa`,`cod_contable`),
  ADD UNIQUE KEY `factura_informativa_detalle` (`id_factura_informativa_detalle`),
  ADD KEY `FK_FAC_INFO_DETALLE_PRODUCTO` (`cod_contable`);

--
-- Indices de la tabla `factura_pagos`
--
ALTER TABLE `factura_pagos`
  ADD PRIMARY KEY (`identificacion_proveedor`,`nro_factura`),
  ADD UNIQUE KEY `id_factura_pagos` (`id_factura_pagos`);

--
-- Indices de la tabla `factura_pagos_pedido`
--
ALTER TABLE `factura_pagos_pedido`
  ADD PRIMARY KEY (`nro_pedido`,`id_factura_pagos`,`concepto`),
  ADD UNIQUE KEY `id_factura_pagos_pedido_UNIQUE` (`id_factura_pagos_pedido`),
  ADD KEY `fk_factura_pagos_pedido_1_idx` (`id_factura_pagos`);

--
-- Indices de la tabla `factura_pagos_pedido_gasto_inicial_r70`
--
ALTER TABLE `factura_pagos_pedido_gasto_inicial_r70`
  ADD PRIMARY KEY (`id_gastos_iniciales`,`id_factura_pagos_pedido`),
  ADD UNIQUE KEY `id_factura_pagos_pedido_gasto_inicial` (`id_factura_pagos_pedido_gasto_inicial`);

--
-- Indices de la tabla `gastos_iniciales_r70`
--
ALTER TABLE `gastos_iniciales_r70`
  ADD PRIMARY KEY (`nro_pedido`,`concepto`),
  ADD UNIQUE KEY `id_gastos_iniciales` (`id_gastos_iniciales`),
  ADD KEY `FK_GASTOS_INICIALES_PEDIDO` (`nro_pedido`);

--
-- Indices de la tabla `gastos_nacionalizacion`
--
ALTER TABLE `gastos_nacionalizacion`
  ADD PRIMARY KEY (`id_nacionalizacion`,`concepto`),
  ADD UNIQUE KEY `id_gastos_nacionalizacion` (`id_gastos_nacionalizacion`),
  ADD KEY `FK_GASTOS_NACIONALIZACION_NACIONNALIZACION` (`id_nacionalizacion`);

--
-- Indices de la tabla `impuestos_nacionalizacion`
--
ALTER TABLE `impuestos_nacionalizacion`
  ADD PRIMARY KEY (`id_nacionalizacion`,`concepto`),
  ADD UNIQUE KEY `id_impuestos` (`id_impuestos`);

--
-- Indices de la tabla `incoterm_provision`
--
ALTER TABLE `incoterm_provision`
  ADD PRIMARY KEY (`pais`,`ciudad`,`incoterms`,`tipo`),
  ADD UNIQUE KEY `id_incoterm` (`id_incoterm`);

--
-- Indices de la tabla `liquidacion_impuestos`
--
ALTER TABLE `liquidacion_impuestos`
  ADD PRIMARY KEY (`id_impuestos`,`nro_documento`),
  ADD UNIQUE KEY `liquidacion_impuestos` (`id_liquidacion_impuestos`);

--
-- Indices de la tabla `nacionalizacion`
--
ALTER TABLE `nacionalizacion`
  ADD PRIMARY KEY (`nro_pedido`,`nro_factura_informativa`),
  ADD UNIQUE KEY `id_nacionalizacion` (`id_nacionalizacion`),
  ADD KEY `FK_NACIONALIZACION_FACTURA_INFORMATIVA` (`nro_factura_informativa`);

--
-- Indices de la tabla `pedido`
--
ALTER TABLE `pedido`
  ADD PRIMARY KEY (`nro_pedido`),
  ADD UNIQUE KEY `id_pedido` (`id_pedido`);

--
-- Indices de la tabla `pedido_factura`
--
ALTER TABLE `pedido_factura`
  ADD PRIMARY KEY (`identificacion_proveedor`,`id_factura_proveedor`),
  ADD UNIQUE KEY `id_pedido_factura` (`id_pedido_factura`),
  ADD KEY `FK_PEDIDO_FACTURA_PEDIDO` (`nro_pedido`);

--
-- Indices de la tabla `producto`
--
ALTER TABLE `producto`
  ADD PRIMARY KEY (`cod_contable`),
  ADD UNIQUE KEY `id_producto` (`id_producto`),
  ADD UNIQUE KEY `nombre` (`nombre`),
  ADD KEY `FK_PRODUCTO_PROVEEDOR` (`identificacion_proveedor`);

--
-- Indices de la tabla `proveedor`
--
ALTER TABLE `proveedor`
  ADD PRIMARY KEY (`identificacion_proveedor`),
  ADD UNIQUE KEY `id_proveedor` (`id_proveedor`),
  ADD UNIQUE KEY `nombre` (`nombre`);

--
-- Indices de la tabla `seguimiento`
--
ALTER TABLE `seguimiento`
  ADD PRIMARY KEY (`id_seguimiento`),
  ADD UNIQUE KEY `id_seguimiento` (`id_seguimiento`);

--
-- Indices de la tabla `tarifas_impuestos`
--
ALTER TABLE `tarifas_impuestos`
  ADD PRIMARY KEY (`id_tarifas_impuestos`),
  ADD UNIQUE KEY `id_tarifas_impuestos` (`id_tarifas_impuestos`),
  ADD UNIQUE KEY `concepto` (`concepto`);

--
-- Indices de la tabla `tarifa_provicion_nacional`
--
ALTER TABLE `tarifa_provicion_nacional`
  ADD PRIMARY KEY (`identificacion_proveedor`,`concepto`),
  ADD UNIQUE KEY `id_tarifa` (`id_tarifa`);

--
-- Indices de la tabla `usuario`
--
ALTER TABLE `usuario`
  ADD PRIMARY KEY (`username`),
  ADD UNIQUE KEY `id_user` (`id_user`),
  ADD UNIQUE KEY `nombres` (`nombres`),
  ADD UNIQUE KEY `email` (`email`),
  ADD UNIQUE KEY `username` (`username`);

--
-- AUTO_INCREMENT de las tablas volcadas
--

--
-- AUTO_INCREMENT de la tabla `detalle_pedido_factura`
--
ALTER TABLE `detalle_pedido_factura`
  MODIFY `detalle_pedido_factura` mediumint(9) NOT NULL AUTO_INCREMENT, AUTO_INCREMENT=12;
--
-- AUTO_INCREMENT de la tabla `factura_gastos_nacionalizacion`
--
ALTER TABLE `factura_gastos_nacionalizacion`
  MODIFY `id_factura_gastos_nacionalizacion` smallint(6) NOT NULL AUTO_INCREMENT, AUTO_INCREMENT=6;
--
-- AUTO_INCREMENT de la tabla `factura_informativa`
--
ALTER TABLE `factura_informativa`
  MODIFY `id_factura_informativa` mediumint(9) NOT NULL AUTO_INCREMENT, AUTO_INCREMENT=9;
--
-- AUTO_INCREMENT de la tabla `factura_informativa_detalle`
--
ALTER TABLE `factura_informativa_detalle`
  MODIFY `id_factura_informativa_detalle` mediumint(9) NOT NULL AUTO_INCREMENT, AUTO_INCREMENT=5;
--
-- AUTO_INCREMENT de la tabla `factura_pagos`
--
ALTER TABLE `factura_pagos`
  MODIFY `id_factura_pagos` smallint(6) NOT NULL AUTO_INCREMENT, AUTO_INCREMENT=7;
--
-- AUTO_INCREMENT de la tabla `factura_pagos_pedido`
--
ALTER TABLE `factura_pagos_pedido`
  MODIFY `id_factura_pagos_pedido` mediumint(9) NOT NULL AUTO_INCREMENT, AUTO_INCREMENT=4;
--
-- AUTO_INCREMENT de la tabla `factura_pagos_pedido_gasto_inicial_r70`
--
ALTER TABLE `factura_pagos_pedido_gasto_inicial_r70`
  MODIFY `id_factura_pagos_pedido_gasto_inicial` smallint(6) NOT NULL AUTO_INCREMENT, AUTO_INCREMENT=7;
--
-- AUTO_INCREMENT de la tabla `gastos_iniciales_r70`
--
ALTER TABLE `gastos_iniciales_r70`
  MODIFY `id_gastos_iniciales` mediumint(9) NOT NULL AUTO_INCREMENT, AUTO_INCREMENT=5;
--
-- AUTO_INCREMENT de la tabla `gastos_nacionalizacion`
--
ALTER TABLE `gastos_nacionalizacion`
  MODIFY `id_gastos_nacionalizacion` mediumint(9) NOT NULL AUTO_INCREMENT, AUTO_INCREMENT=3;
--
-- AUTO_INCREMENT de la tabla `impuestos_nacionalizacion`
--
ALTER TABLE `impuestos_nacionalizacion`
  MODIFY `id_impuestos` smallint(6) NOT NULL AUTO_INCREMENT, AUTO_INCREMENT=10;
--
-- AUTO_INCREMENT de la tabla `incoterm_provision`
--
ALTER TABLE `incoterm_provision`
  MODIFY `id_incoterm` mediumint(9) NOT NULL AUTO_INCREMENT, AUTO_INCREMENT=23;
--
-- AUTO_INCREMENT de la tabla `liquidacion_impuestos`
--
ALTER TABLE `liquidacion_impuestos`
  MODIFY `id_liquidacion_impuestos` smallint(6) NOT NULL AUTO_INCREMENT, AUTO_INCREMENT=4;
--
-- AUTO_INCREMENT de la tabla `nacionalizacion`
--
ALTER TABLE `nacionalizacion`
  MODIFY `id_nacionalizacion` smallint(6) NOT NULL AUTO_INCREMENT, AUTO_INCREMENT=2;
--
-- AUTO_INCREMENT de la tabla `pedido`
--
ALTER TABLE `pedido`
  MODIFY `id_pedido` mediumint(9) NOT NULL AUTO_INCREMENT, AUTO_INCREMENT=9;
--
-- AUTO_INCREMENT de la tabla `pedido_factura`
--
ALTER TABLE `pedido_factura`
  MODIFY `id_pedido_factura` mediumint(9) NOT NULL AUTO_INCREMENT, AUTO_INCREMENT=14;
--
-- AUTO_INCREMENT de la tabla `producto`
--
ALTER TABLE `producto`
  MODIFY `id_producto` mediumint(9) NOT NULL AUTO_INCREMENT, AUTO_INCREMENT=312;
--
-- AUTO_INCREMENT de la tabla `proveedor`
--
ALTER TABLE `proveedor`
  MODIFY `id_proveedor` int(11) NOT NULL AUTO_INCREMENT, AUTO_INCREMENT=1722919728;
--
-- AUTO_INCREMENT de la tabla `seguimiento`
--
ALTER TABLE `seguimiento`
  MODIFY `id_seguimiento` mediumint(9) NOT NULL AUTO_INCREMENT, AUTO_INCREMENT=130;
--
-- AUTO_INCREMENT de la tabla `tarifas_impuestos`
--
ALTER TABLE `tarifas_impuestos`
  MODIFY `id_tarifas_impuestos` smallint(6) NOT NULL AUTO_INCREMENT, AUTO_INCREMENT=12;
--
-- AUTO_INCREMENT de la tabla `tarifa_provicion_nacional`
--
ALTER TABLE `tarifa_provicion_nacional`
  MODIFY `id_tarifa` mediumint(9) NOT NULL AUTO_INCREMENT, AUTO_INCREMENT=23;
--
-- AUTO_INCREMENT de la tabla `usuario`
--
ALTER TABLE `usuario`
  MODIFY `id_user` smallint(6) NOT NULL AUTO_INCREMENT, AUTO_INCREMENT=2;
--
-- Restricciones para tablas volcadas
--

--
-- Filtros para la tabla `detalle_pedido_factura`
--
ALTER TABLE `detalle_pedido_factura`
  ADD CONSTRAINT `FK_DETALLE_PEDIDO_FACTURA_PEDIDO_FACTURA` FOREIGN KEY (`id_pedido_factura`) REFERENCES `pedido_factura` (`id_pedido_factura`) ON UPDATE CASCADE,
  ADD CONSTRAINT `FK_DETALLE_PEDIDO_FACTURA_PRODUCTO` FOREIGN KEY (`cod_contable`) REFERENCES `producto` (`cod_contable`) ON UPDATE CASCADE;

--
-- Filtros para la tabla `factura_gastos_nacionalizacion`
--
ALTER TABLE `factura_gastos_nacionalizacion`
  ADD CONSTRAINT `fk_factura_pagos_pedido_gasto_nacionalizacion_1` FOREIGN KEY (`id_gastos_nacionalizacion`) REFERENCES `gastos_nacionalizacion` (`id_gastos_nacionalizacion`) ON UPDATE CASCADE;

--
-- Filtros para la tabla `factura_informativa`
--
ALTER TABLE `factura_informativa`
  ADD CONSTRAINT `FK_FACTURA_INFORMATIVA_PEDIDO` FOREIGN KEY (`nro_pedido`) REFERENCES `pedido` (`nro_pedido`) ON UPDATE CASCADE,
  ADD CONSTRAINT `FK_FACTURA_INFORMATIVA_PROVEEDOR` FOREIGN KEY (`identificacion_proveedor`) REFERENCES `proveedor` (`identificacion_proveedor`) ON UPDATE CASCADE;

--
-- Filtros para la tabla `factura_informativa_detalle`
--
ALTER TABLE `factura_informativa_detalle`
  ADD CONSTRAINT `FK_FACTURA_INFO_DETALLE_FAC_INFORMATIVA` FOREIGN KEY (`id_factura_informativa`) REFERENCES `factura_informativa` (`id_factura_informativa`) ON UPDATE CASCADE,
  ADD CONSTRAINT `FK_FAC_INFO_DETALLE_PRODUCTO` FOREIGN KEY (`cod_contable`) REFERENCES `producto` (`cod_contable`) ON UPDATE CASCADE;

--
-- Filtros para la tabla `factura_pagos`
--
ALTER TABLE `factura_pagos`
  ADD CONSTRAINT `FK_FACTURA_PAGOS_PROVEEDOR` FOREIGN KEY (`identificacion_proveedor`) REFERENCES `proveedor` (`identificacion_proveedor`) ON UPDATE CASCADE;

--
-- Filtros para la tabla `factura_pagos_pedido`
--
ALTER TABLE `factura_pagos_pedido`
  ADD CONSTRAINT `FK_FACTURA_PAGOS_PEDIDO_FACTUpAGOS` FOREIGN KEY (`id_factura_pagos`) REFERENCES `factura_pagos` (`id_factura_pagos`) ON DELETE NO ACTION ON UPDATE NO ACTION,
  ADD CONSTRAINT `FK_FACT_PAGOS_PEDIDO_PEDIDO` FOREIGN KEY (`nro_pedido`) REFERENCES `pedido` (`nro_pedido`) ON UPDATE CASCADE;

--
-- Filtros para la tabla `factura_pagos_pedido_gasto_inicial_r70`
--
ALTER TABLE `factura_pagos_pedido_gasto_inicial_r70`
  ADD CONSTRAINT `FK_PAGOS_PEDIDO_FACTURAG_INI_GASTOS_R70` FOREIGN KEY (`id_gastos_iniciales`) REFERENCES `gastos_iniciales_r70` (`id_gastos_iniciales`) ON UPDATE CASCADE;

--
-- Filtros para la tabla `gastos_iniciales_r70`
--
ALTER TABLE `gastos_iniciales_r70`
  ADD CONSTRAINT `FK_GASTOS_INICIALES_PEDIDO` FOREIGN KEY (`nro_pedido`) REFERENCES `pedido` (`nro_pedido`) ON UPDATE CASCADE;

--
-- Filtros para la tabla `gastos_nacionalizacion`
--
ALTER TABLE `gastos_nacionalizacion`
  ADD CONSTRAINT `FK_GASTOS_NACIONALIZACION_NACIONALIZACION` FOREIGN KEY (`id_nacionalizacion`) REFERENCES `nacionalizacion` (`id_nacionalizacion`) ON DELETE NO ACTION ON UPDATE CASCADE;

--
-- Filtros para la tabla `impuestos_nacionalizacion`
--
ALTER TABLE `impuestos_nacionalizacion`
  ADD CONSTRAINT `FK_IMPUESTOS_NACIONALIZACION` FOREIGN KEY (`id_nacionalizacion`) REFERENCES `nacionalizacion` (`id_nacionalizacion`) ON UPDATE CASCADE;

--
-- Filtros para la tabla `liquidacion_impuestos`
--
ALTER TABLE `liquidacion_impuestos`
  ADD CONSTRAINT `FK_LIQUIDACION_IMPUESTOS_IMPUESTOS_NACIO` FOREIGN KEY (`id_impuestos`) REFERENCES `impuestos_nacionalizacion` (`id_impuestos`) ON UPDATE CASCADE;

--
-- Filtros para la tabla `nacionalizacion`
--
ALTER TABLE `nacionalizacion`
  ADD CONSTRAINT `FK_NACIONALIZACION_FACTURA_INFORMATIVA` FOREIGN KEY (`nro_factura_informativa`) REFERENCES `factura_informativa` (`nro_factura_informativa`) ON UPDATE CASCADE,
  ADD CONSTRAINT `FK_NACIONALIZACION_PEDIDO` FOREIGN KEY (`nro_pedido`) REFERENCES `pedido` (`nro_pedido`) ON UPDATE CASCADE;

--
-- Filtros para la tabla `pedido_factura`
--
ALTER TABLE `pedido_factura`
  ADD CONSTRAINT `FK_PEDIDO_FACTURA_PEDIDO` FOREIGN KEY (`nro_pedido`) REFERENCES `pedido` (`nro_pedido`) ON UPDATE CASCADE,
  ADD CONSTRAINT `FK_PEDIDO_FACTURA_PROVEEDOR` FOREIGN KEY (`identificacion_proveedor`) REFERENCES `proveedor` (`identificacion_proveedor`) ON UPDATE CASCADE;

--
-- Filtros para la tabla `producto`
--
ALTER TABLE `producto`
  ADD CONSTRAINT `FK_PRODUCTO_PROVEEDOR` FOREIGN KEY (`identificacion_proveedor`) REFERENCES `proveedor` (`identificacion_proveedor`) ON UPDATE CASCADE;

--
-- Filtros para la tabla `tarifa_provicion_nacional`
--
ALTER TABLE `tarifa_provicion_nacional`
  ADD CONSTRAINT `FK_TARIFAS_PROVEEDOR` FOREIGN KEY (`identificacion_proveedor`) REFERENCES `proveedor` (`identificacion_proveedor`) ON UPDATE CASCADE;

/*!40101 SET CHARACTER_SET_CLIENT=@OLD_CHARACTER_SET_CLIENT */;
/*!40101 SET CHARACTER_SET_RESULTS=@OLD_CHARACTER_SET_RESULTS */;
/*!40101 SET COLLATION_CONNECTION=@OLD_COLLATION_CONNECTION */;
